sentence1_kin,sentence2_kin,human_score
"@HillaryClinton Ese abakungu b'Abasaoudite b'abakire bicisha abaryamana bahuje igitsina, bifatanyije n'ikipe? #Hippocrity #WakeUpAmerica","@SCOTUS_Scalia Ibyo ni byo. Amagambo nta cyo amaze. Kimwe na Clinton, ""Bishingiye ku cyo 'ari' bisobanura"".",0.25
Nta muntu n 'umwe wemeranya ku gihe Intambara ya Gikristo y' U Bufaransa yarangiriye n' Intambara ya Napoleoni zatangiriye .,Intambara za Napoléon ni intambara abantu barwanye mu gihe cy' ubutegetsi bwa Napoléon Bonaparte mu Bufaransa .,0.69
Imbwa eshatu z'ingurube zirushanwa ku muhanda,Abantu batatu bicaye ku meza mato.,0.16
"Nashimishijwe n'uko abagabo n'abagore bari bafite ubwenge bwinshi, ariko bakagira n'imihangayiko.","Sinzi niba ari jye wabanje gusoma Darkfever cyangwa uyu, ariko byombi byabayeho mu gihe kimwe.",0.28
"Muri iki gitabo, Percy Jackson avuga inkuru y'imana z'Abagiriki kandi akayibwira uko imeze.",Sinigeze mba umufana wa Percy Jackson bitewe n'uko Riordan yabonaga ko imigani y'Abagiriki ari ukuri.,0.59
BRAVO TO BOTH YOU BEAUTIFULLY EXPLAINED GUKUNDA # human trafficking bill @SenBlumenthal @DickDurbin #abagore bafite uburenganzira bwo guhitamo,Uyu munsi nshimira uburenganzira bwo kubyara bwemerera imiryango myinshi guhunga ubukene. #abvote,0.44
Ariko Minisitiri w'Intebe yabwiye BBC ko nta kibazo cy'ibyavuye mu matora yari afite kandi ko yari gukomeza gukora ibyo yabonaga ko ari byiza.,"Yavuze ko nta kibazo cy'ibyavuye mu matora yari afite kandi ko yari gukomeza gukora ibyo yabonaga ko ari byiza, haba mu rwego rw'ubutegetsi bw'igihugu no mu rwego rw'igihugu.",0.91
Nabonye ikintu gikomeye mu birebana n'iyo mpuzu nakoragaho.,Nagize amajyambere mu birebana n'uko nkora.,0.97
"Nanone kandi , izakoreshwa mu kwigisha abagenzi gutwara imodoka no kubitaho .","Nanone kandi , ikigo gishinzwe iby' ingufu z' ingufu z' ingufu z ' ingufu z ' ingufu z ' ingufu z ' ingufu z ' ingufu z ' ingufu z ' ingufu z ' ingufu z ' ingufu z ' ingufu z ' ingufu z ' ingufu z ' ingufu z ' ingufu z ' ingufu z ' ingufu z ' ingufu z ' ingufu z ' ingufu z ' ingufu z ' ingufu z ' ingufu z ' ingufu z ' ingufu z ' ingufu z ' ingufu z ' ingufu z ' ingufu z ' ingufu z ' ingufu z ' ingufu z ' ingufu z ' ingufu z ' ingufu z ' ingufu z ' ingufu z ' ingufu z ' ingufu z ' ingufu z ' ingufu z ' ingufu z ' ingufu z ' ingufu z ' ingufu z ' ingufu z ' ingufu z ' ingufu z ' ingufu z ' ingufu z ' ingufu z ' ingufu z ' ingufu z ' ingufu z ' ingufu z ' ingufu z ' ingufu z ' ingufu z ' ingufu z '",0.41
"The Accidental Vampire ni nziza cyane nk'izindi, kandi na zo zirimo umwotsi.","Nanone Elvi yari umuntu wishimye cyane, ufite umutima w'ubushake, uburanga bw'ibyiyumvo n'amategeko y'ibishuko by'ibishuko.",0.38
"Uretse imperuka, nagira ngo iyi nkuru yose nayishyirireho abakunda ubupfumu aho bari hose.","Nkunda cyane iyi nkuru kandi nkunda n'iki gitabo, ariko numvaga ko imperuka yashoboraga gutuma umuntu agira icyo yifuza.",0.75
Ikipe y'igihugu y'umupira w'amaguru y' Kiribati ni ikipe y'igihugu y'umupira w'amaguru y' Kiribati kandi iyoborwa n'Ishyirahamwe ry'umupira w'amaguru ry' Ibirwa bya Kiribati .,"Ikipe y'igihugu y'igihugu y' Iraq ni yo ifite amavubi y'igihugu y' Iraq , kandi iyoborwa n' Ishyirahamwe ry'umupira w'amaguru ry' Iraq .",0.69
"Mbese, imva yawe ni iya nyina wa Agustina?",None se nyina wa Agustina ari mu mva?,0.84
Muri ubwo bubasha bwo kurimbura... harimo n'isezerano ry'ibyiringiro.,Hari icyizere cy'uko ifite ubushobozi bwo kurimbura.,0.75
"Mu by'ukuri, nta muntu w'imfura nk'uwo ushobora kubikora.","Mu by'ukuri, yari kuba ari umukobwa w'imfura.",0.37
"Itegeko rya Karumeli Mukuru ryashingiye ku mategeko ya Salic , yari afite imbaraga nk ' iz' u Bugiriki n' u Roma .","Mu bice bimwe na bimwe by' u Burayi bw' Iburengerazuba , iryo tegeko ryakomeje kugira akamaro igihe kirekire kubera ko Charlemagne yashingiraga amategeko ye ku mategeko ya Salic .",0.66
Abagore babiri b'abirabura bambaye imyenda y'akataraboneka,Abantu babiri bagwa mu biganza by'abagore,0.41
Umugabo wari uhagaze mu cyumba barimo bubaka.,Itsinda ry'abantu bari ku isoko ry'imbuto,0.19
"Ababyeyi bawe ntibagomba gukunda umukunzi wawe, ahubwo ni wowe ubikunda.","Ababyeyi bawe ntibagomba gukunda imyenda yawe, ahubwo wowe ni ko ubigenza.",1.0
Umukobwa muto aryamye ku divayi afite umutereko mu gituza no munsi y'umutwe.,Abana babiri barara ku gatuza k'umugabo.,0.56
"Kugeza vuba aha , abantu bafataga injangwe zitukura bakazigurisha mu busitani bw' inyamaswa .","Mu myaka ya vuba aha , ibinyabuzima byo mu busitani bw' inyamaswa byo mu Buyapani birimo byera "" ibishishwa "" byitwa "" Red Pandas "" .",0.62
@realDonaldTrump agiye kujya kuri @greta show ubu! #greta #TrumpIsRight,"Gusa nshaka guha #shoutout ikomeye umugabo wanjye wa mbere muri iyi minsi, @realDonaldTrump Get 'er done, big guy!!",0.56
Lana ni umugore uri mu buhungiro.,Adamu na Lana bombi bari abantu beza cyane.,0.44
"Aileen, uba kwa nyirakuru, agomba kuba umugore w'umunyabwenge.","Aileen arimo yiga mu ishuri rya Teta Beck afite icyizere cyo kuba umugore w'umunyabwenge wo mu muryango wa Skarr, nk'uko abagore bose bo mu muryango we babigenje.",0.81
@HillaryClinton Umwambaro wa Rainbow? Ese wari uzi ko 4% gusa by'Abanyamerika ari abaryamana bahuje ibitsina? (Ibarura ryo mu 2010) #WhyImNotVotingForHillary,@johnpodesta @HillaryClinton awesome buri mucyefi nyawe akeneye ibi..,0.43
"Ibyo ni ibintu by'urugero rw'abantu bo mu bwoko bwa Orwellian, si byo se?","Mbese, ibyo si ibintu by'Abanya-Orwel?",0.81
Umukobwa muto arimo aciraho impapuro.,Abana babiri bato barambagizanya.,0.12
"Uwo mujyi n' uturere tuwukikije , byanditseho kode ya posita ya Londres SE25 .","Nanone kandi , ushobora guhitamo ahantu hatatu ho mu rwego rw' ubutaka .",0.25
Zakynthos ni umugi wo mu burengerazuba bw' u Bugiriki .,Zakynthos ni umurwa mukuru w'ikirwa cya Zakynthos .,0.75
Sinari mfite ibyiringiro byinshi.,"Nashakaga kureba inkuru y'ibyabaye mu gihe cya Gray King, n'izindi nkuru z'ibyabaye mu gihe cy'ibyabaye mu gihe cy'ibyabaye mu gihe cy'ibyabaye.",0.25
Iki ni cyo gitabo cya mbere cya Jeaniene Frost ntabyo nakunze.,"Kandi uyu ni Jeaniene Frost, komeza!",0.56
Umwijima w'imbeho w'Icyatsi.,Ufite amafaranga y'ubukungu ku gihe cy'imbeho.,0.34
"Umuntu wese urwanya perezida @realDonaldTrump 4, nta cyizere afite cyo kugira icyo ageraho no kugira ubushobozi bwo kutugirira.","@realDonaldTrump Reka tubyemere, twabaye ishyanga ridakora, ritagira icyo rivuga, riyobowe n'abagizi ba nabi, n'abaharanira kongera gusaranganya.",0.5
"Mu mizo ya mbere, nashatse gusoma icyo gitabo kuko nakundaga cyane igitabo cyitwa Fangirl cyanditswe na Rainbow Rowell.","Ndagira inama ikomeye y'iki gitabo, cyane cyane niba waramaze gusoma ""Fangirl"".",0.81
Mickey Mouse aracyariho kandi yariho kuva mu ntangiriro.,Umuhanzikazi nkunda cyane wa Disney ni Mickey Mouse.,0.59
Dragon Ball Z ndabona ishobora gukururwa.,Dragon Ball Z ntekereza ko DB GT ari nini cyane?,0.72
Ntekereza ko ugomba gutegereza kugeza igihe uzaba ugeze mu za bukuru bihagije kugira ngo ushobore guhangana n'iki kibazo.,Iyo utekereje ko uri umuntu ukuze bihagije kugira ngo ushobore guhangana n'ikibazo cyo gushakana n'umugabo!,0.84
Dresden Files ihura na Harry Potter mu buryo bw'uko yari afite Neil Gaiman.,"Uyu musore yarenze Neil Gaiman, Jim Butcher ndetse hafi cyane (ariko si cyane) yashyize Terry Pratchett ku rutonde rw'abanditsi nkunda.",0.53
Abashinzwe kubahiriza amategeko barimo bakora ingendo zikomeye mu karere k'umugi.,"Itsinda ry'abatabazi bambaye imyenda igaragaza neza, ramanuka ku rwego rwari rwari rwari rwari rwari rwari rwari rwari rwari rwari rwari rwari rwari rwari rwari rwari rwari rwari rwari rwari rwarashyizemo imyanda y'umutuku.",0.31
"@liars_never_win @HillaryClinton shhh, jya unzanira icyayi gishyuye.....","@Todayshow @ChrisChristie ntabwo afite ibyangombwa b/c arya amadolari 82,000 mu byokurya byoroheje & b/c ya D ruswa ya #Bridgegate A BIG FAT BULLY!",0.28
@realDonaldTrump Bajye kubarasa Bwana Trump!!!,Kuba Trump atora cyane bigaragaza ko ishyaka ritagomba gufatwa uko ryakabaye.,0.44
Yashyizwe ku mwanya wa 4 ku isi nk'uko `` The DJ List' 'bivuga.,Yashyizwe ku rutonde rw ' aba Dj bakomeye ku isi ku isi ku rwego rwa 25 n ' ikinyamakuru DJ Magazine .,0.59
Abafana bakunda umukobwa ukora igikorwa cya mbere.,"Hip-hop ituma umuntu ashaka kubyuka no kubyina, akagenda.",0.28
Sinzi niba hari umuntu uriho muri iki gihe.,Nkunda umukobwa ariko muri iki gihe ntaramenya ko nkunda uwo mukobwa.,0.12
umukinnyi wa tenisi akubita umupira.,Umwana wicaye ku mupira w'umupira mu busitani.,0.1
Neryn akomeza urugendo rwe yiga ibyo akeneye kugira ngo abe uwo wese yifuza ko aba we.,Ingorane abagore babiri bahuraga na zo igihe babaga bagenda bonyine mu cyaro zari zitandukanye n'izo Neryn yahuraga na zo igihe yajyanaga na Flint mu mudugudu wa Shadowfell.,0.47
Jane arimo agerageza kwinjiza ibirenge bye mu mubiri we kugira ngo amenyere kubaho nk'umunyabyaha.,"Nk'uko bisanzwe, ibibazo buri gihe biba bibonera inzira ya Jane.",0.47
"Ufite ikintu cy'u Bufaransa, kandi naje kugikuraho.",Ndi hano kubera ikintu cy'u Bufaransa.,0.84
"Mu buryo bushishikaje, inkuru za Fitz n'iz'Inzovu z'ubuzima zagiye zishyirwa hamwe.",Ni iherezo rifite imbaraga zidasanzwe ry'inkuru ya Fitz n'umusazi.,0.56
"Hari inkuru eshanu, zose zishimishije kandi zitanga amakuru y'ibyabaye ku isi ya HP.","Nashimishijwe no gusoma ibyo Dumbledore yavuze nyuma ya buri nkuru, bituma mbona akamaro kayo mu isi y'abashitsi.",0.5
"Mu mwaka wa 1999 , Lucy Lawless na we yagaragaye muri televiziyo ya animated The Simpsons nk' umukozi we witwa Xena .","Mu mwaka wa 2006 , Lucy Lawless yatanze impano y' imyenda ye bwite ya Xena ku Nzu ndangamurage y' Amateka ya Amerika .",0.56
Iki gitabo cyari gitandukanye cyane n'ibindi byose nasomye.,Nahisemo gusoma mu buryo butandukanye n'ubwo.,0.38
Mbese Kitty n'abandi bose bashobora kurokoka kugeza ubwo ubukwe buzaba?,"Nanone kandi, ubwo bukwe bwari uburyo bwiza bwo gutandukanya abantu n'ibindi bintu byari mu kiganiro.",0.59
"John O'Donnell, wahoze ari perezida wa Trump Plaza Hotel & Casino... @realDonaldTrump yavuze ko ""ubushonje ari umuco w'abirabura.",@FFRNNU wenda #MSM yagombye kuvuga byinshi kuri ibi aho kuvuga cyane ibendera n'amatafari.,0.25
Lovrin 515 * RO 1002 T M (6),Serrano * ES 4705 D m (2),0.22
Inkuru ya Jasper ni imwe mu ngingo nkunda cyane mu gitabo.,"Nk'uko inkuru ya Rosalie ari iy'umwijima, iy'uwitwa Jasper na yo ni iy'umwijima.",0.44
Buri gihe yari ahari.,Twamaranye na we igihe cyose.,0.72
Hari umugabo w'umusaza wambaye umwenda w'ubururu urimo akina.,Umugabo ufite imisatsi y'uruhu n'idubu yicaye ku ntebe ku muhanda afite gitari iruhande rwe.,0.44
@Macys ntashobora kugurisha Trump kuko avuga ibitekerezo bye... ndishimye cyane ku bw'umudendezo wo kuvuga... sinzongera kugura kuri @Macys ukundi..,Mfite imyaka ine mu nzu y'ibikoresho by'ibikoresho by'ibikoresho by'ibikoresho by'ibikoresho by'ibikoresho by'ibikoresho by'ibikoresho by'ibikoresho by'ibikoresho by'ibikoresho by'ibikoresho by'ibikoresho by'ibikoresho by'ibikoresho by'ibikoresho by'ibikoresho by'ibikoresho by'ibikoresho by'ibikoresho by'ibikoresho by'ibikoresho by'ibikoresho by'ibikoresho by'ibikoresho by'ibikoresho by'ibikoresho by'ibikoresho by'ibikoresho by'ibikoresho by'ibikoresho by'ibushushinzi.,0.12
Imbeba z' imbwa z' umukungugu zigaragaza ko zisaba kurwara indwara z' imyuka ihumanya ibinyabuzima kurusha imbwa z' i Burayi .,Imbeba z' imbwa z' umukungugu ntizifata indwara ya myxomatosis mu buryo bworoshye nk' imbwa z' i Burayi .,0.94
"Imikino ikoresha ubwoko bumwe gusa bw' ibiceri , si kenshi iba ikeneye ko ibiceri byandikwa mu buryo bugoye .","Hari imikino ikinwa n' ibiceri bibiri , naho hari n' ibicuruzwa bikoreshwa n ' kimwe gusa .",0.72
Umugabo wambaye ikanzu y'icyatsi cy'umweru yicaye imbere ya orudinateri ku biro.,Umugabo wambaye umwenda wa orange arimo avugana na mudasobwa.,0.67
@thehill @greta @realDonaldTrump Ubu uzi ko ibumoso bufite ubwoba bw'umukuru w'igihugu ku banyapolitiki <Hang there Donald,Nkunda abaturage ba Mexico ariko barusha ubwenge twe tugomba kubahagarika!,0.31
"Igice cya mbere cyari ibintu twari tumaze gusoma mu gitabo cyabanjirije icyo, kandi nta kintu gishya cy'ingenzi cyagaragaye.",Ese uyu mutegetsi w'umunya-Mafi arimo arandura urugendo rw'urukundo rw'inkoramutima rw'ibitabo bibiri bya mbere?,0.31
Amazi ya Niagara agabanyijemo amazi ya Horseshoe n ' amazi ya Amerika .,Amazi menshi ya Horseeshoe ni yo manini cyane kurusha andi atatu .,0.66
"Ishoramari rya LendingTree ryashinzwe mu 1996, rigizwe n'amabanki asaga 200, abaguha inguzanyo n'abacuruzi.","LendingTree ihurizaho abakoresha imyenda kuri interineti n'abakozi bo mu bigo by'ubucuruzi birenga 200, amabanki n'abandi bahabwa imyenda.",0.75
"Izo gare zigizwe n ' imihanda 16 ya gari ya moshi , hamwe n ' umwenda wa gari ya moshi wo hagati .",Gusa bibiri gusa mu bibuga 29 by' umurongo wa Yamanote ntibihuza n ' izindi gari ya moshi cyangwa za gari ya moshi .,0.47
"Niba wifuza ibindi bisobanuro, reba uru rubuga:","Gerageza ku rubuga rwa www.allmusic.com, ni rwo rubuga nkunda cyane.",0.5
Muri iyo myaka ibiri yize muri kaminuza y'ubugeni ya # 8 y'i Yerevan .,"1956-58 - yize muri Yerevan Fine Arts and Theatre Institute , akora akazi ko gucuranga .",0.72
Hari ahantu ho muri Jeworujiya hatangajwe amakuru y'inkubi y'umuyaga n'iy' imvura y' imvura .,Hari ahantu ho muri Jeworujiya hatumiwe ubutumwa bw' amakuba y' umuyaga .,0.75
Ku babyeyi batanga inama yo gukuramo inda ni ibisazi!,Tugiye kujya mu bitaro muri iki gitondo. 2015 kandi turacyafite abo kurwanya amahitamo bagombye kwirukanwa.,0.53
"Muri rusange , ibihugu 46 byari byaritabiriye imikino yo muri Amsterdam .","Abasirikare batanze imfashanyo y'ibihugu 17 , ni ukuvuga abagera ku 9.900 muri rusange .",0.31
Ndi gukora igitambo gikomeye kugira ngo mbone uko mbitanga.,"Iyo mbaye nkwifurije amakuru, mba mpaye ubuzima bwanjye igitambo gikomeye.",0.88
Hari abandi baririmbyi bo mu kinyejana cya 20 bakoresheje cyane iyo ndirimbo .,Ni yo mpamvu hari abanditsi benshi bashoje ibihangano byabo birebire mu ndirimbo z'indirimbo z'indirimbo z'indirimbo z'indirimbo z'indirimbo z'indirimbo z'indirimbo z'indirimbo z'indirimbo z'indirimbo z'indirimbo z'indirimbo z'indirimbo z'indirimbo z'indirimbo z'indirimbo z'indirimbo z'indirimbo z'indirimbo z'indirimbo z'indirimbo z'indirimbo z'indirimbo z'indirimbo z'indirimbo .,0.53
Hari isano ridahinyuka hagati y'uburenganzira abagore bafite bwo guhitamo n'ibipimo by'ubwicanyi #uburenganzira bw'abagore,@SenTedCruz Umwuga mwiza kuri @Todayshow. #Scotus yagombaga gukurwaho mu myaka 41 ishize ubwo basabaga kwica abana.,0.5
Abantu benshi bahagaze imbere y'igare ry'ibiribwa rifite umumalayika hanze.,Umugabo ufite imyenda y'impu n'imyenda y'impu atwara umutwaro munini ku mugongo.,0.12
Nta cyo baba bafite badafite wowe.,"Nyuma yaho, baraguye.",0.53
Ibice bye ni byo nahitagamo mu gitabo.,Nkunda cyane abantu bashya bo muri iki gitabo n'ukuntu baje mu nkuru kandi nishimiraga cyane abantu batandukanye bo muri iyo nkuru.,0.47
"Olivia, Liza na Gil bose ni bamwe mu bagize umuryango w'abapfapfa b'abapfapfa, kandi bifuza ko Lucy yajyana na bo.","Olivia, umutoza mukuru, yatumiye Lucy iwe kugira ngo amufashe kwihanganira agahinda yari afite.",0.53
"Cullen yamwifuzaga cyane, maze igihe umukobwa we yafatwaga, ahinduka igikoko cy'igihangange.",Hanyuma umukobwa we yarafashwe maze akenera Taige kugira ngo amukize.,0.53
@gailtalk @trscoop birumvikana ko byari bimeze.,"@DavidLimbaugh - ndabyemera, uzisubireho... ariko numvise ko itazahita... izakomeza kugaruka!",0.19
Pena yakundaga kuvuga igikerewole cyo muri Cape Verde n'umuryango we .,"Paul Pena yari umuririmbyi w'Umunyamerika , umwanditsi w'indirimbo n'umucuranzi wa gitari akomoka mu gihugu cya Cape Verde .",0.44
Umugabo n'umugore bakomeye muri iki gitabo ni Hope na Karl.,"Nkunda Hope na Karl, abo bantu sinakundaga cyane.",0.53
Yesu wo mu nkengero z'umugi ku munsi w'ibyatsi ntiyaba ari we.,Umunsi w'Ibyatsi Ibisi Yesu wa Suberbia,0.62
"Hariho n'ibyo utsinda, hari n'ibyo utakaza.",Freddy yari gutsinda Jason.,0.44
Ushobora kuba urimo ugirirwa nabi uko byagenda kose.,cyane cyane urimo kubura uko byagenda kose,0.84
"None se 154, ni iki cyiyongereyeho 10 hejuru ya 154?",10 ku 154 ni iki?,0.78
Umukobwa wanjye yumva amagambo y'urukundo.,"Oya, nta gushidikanya ko abavandimwe bo mu muryango wa Chemical bazabigenza batyo.",0.19
"Kuri Riley, gukemura ibibazo byinshi mu isi irangwa n'ibyifuzo by'abantu n'iby'abanzi b'inshyashya byari kuba bikomeye bihagije.",Nkunda ukuntu Riley yagiye ahinduka mu gihe cyose cy'iyo nkuru.,0.59
Umubyeyi n'umukobwa bamurika imbere y'amazi.,"Umukobwa w'ingeri nziza y'umukobwa uri mu nzu nziza cyane, ashyiraho ifoto.",0.41
Ikiganiro cyiza na @BobbyJindal uyu munsi!,"@realDonaldTrump yashyizeho ""Racistublicans"". Ishyaka rya politiki ry'abajura b'ibikomangoma. #Racistublicans #Republicans",0.28
Umwaka wa 1966 wari umwaka usanzwe watangiraga ku wa Gatandatu w' umwaka wa 1966 mu kalendari ya Gregori .,Umwaka wa 1950 watangiraga ku cyumweru cyo mu kalendari ya Gregoriani .,0.62
"Abantu nkunda cyane muri icyo gitabo ni Hal na Leif, abunganira Atticus ari bo bantu b'ibyamamare n'abanyarugomo.","Nk'uko nari mbizi, muri iki gitabo harimo Leif, umujyanama w'abanzi b'amaraso.",0.59
Nta kintu cyiza cyangwa kibi mfite cyo kubivugaho.,Nk'uko nabivuze: ni byiza cyane ku buryo bidashobora kuba ukuri.,0.34
"Ibyo byose ni impamvu z'ingenzi zatumye nsoma iyi nkuru, ariko ngomba kuba inyangamugayo.","Kubera ko adashobora kuvugana n'umuntu, uburyo ahinduka buhoro buhoro kugira ngo amubere Amaranthe, birashimisha cyane gusoma.",0.34
Miach ni isoko nziza cyane y'urukundo.,"Ku bw'amahirwe ye, ni ho Miach yaje.",0.47
"Yateye Long Island , New York ku itariki ya 23 Nzeri , maze yangiza ibintu byinshi mu Bwongereza .","Ku itariki ya 21 n'iya 22 Nzeri , inkubi y'umuyaga yateye ku birwa bya Virgin na Puerto Rico , ituma habaho imimerere mibi n'abapfuye .",0.41
Abagabo batatu n'umugore umwe bicaye ku meza hanze banywa.,Abantu batatu bicaye ku meza yo hanze imbere y'inzu y'ikawa.,0.59
Inyenyeri ebyiri ku gitekerezo cyiza.,"Mu by'ukuri, iyi nkuru yose ni nziza cyane!",0.5
"Iyo urebye ko hari igiti cy' igiti cy' igiti cy' igiti cy' igiti cy' igiti cy' igiti cy' igiti cy' igiti cy' igiti cy' igiti cy' igiti cy' igiti cy' igiti cy' igiti cy' igiti cy' igiti cy' igiti cy' igiti cy' igiti cy' igiti cy' igiti cy' igiti cy' igiti cy' igiti cy' igiti cy' igiti cy' igiti cy' igiti cy' igiti cy' igiti cy' igiti cy' igiti cy' igiti cy' igiti cyubutse , uba wabonye ko kigira igiti cy' igiti cy' igiti cy' igiti cy' igiti cy' igiti cy' igiti cy' igiti cy' igiti cy' igiti cyubutse .","Iyo umuntu afashe urubaho rw' imbaho cyangwa urubaho rw' imbaho , aba arinze umubiri gukubita hamwe , ahuriza hejuru y' imbaho z' imbaho .",0.88
Abafana bashobora kuba abantu batandukanye.,"Abantu bashobora kuba ari ab'imbaraga, ariko nanjye nkwiriye kubimenya.",1.0
Umugabo wambaye umwenda w'imyenda miremire ahagaze imbere y'uruzi ari kumwe n'abagore babiri.,Umugabo ufite umwenda w'umukara n'amahuzu y'imbere y'umukara afite umwenda w'umurongo hafi y'uruzi.,0.53
Imirimo yo gushyiraho amoko y' amoko y' amoko y' amoko y' amoko y' amoko y' amoko y' amoko y' amoko y' amoko y' amoko y' amoko y' amoko y' amoko y' amoko y' amoko y' amoko y' amoko y' amoko y' amoko y' amoko y' amoko y' amoko y' amoko y' amoko y' amoko y' amoko y' amoko y' amoko y' amoko y' amoko y' amoko y' amoko y' amoko y' amoko y' amoko y' amoko y' amoko y' amoko y' amoko y' amoko y' amoko y' amoko y' amoko y' amoko y' amoko y' amoko y' amoko y' amoko y' amoko y' amoko y' amoko y' amoko y' amoko y' amoko y' amoko y' amoko y' amoko y' amoko y' amoko y' amoko y' amoko y',Bashobora kuba mu bagize umuryango wa Plantae cyangwa se bahuje n' umuryango wa Protista .,0.59
Jya umenya icyo wakora maze ugende ku rubuga rwifashishije ibyo bintu.,"Urubuga rwacu rwa interineti, www.amazon.com, rufite amahitamo meza cyane y'ibikoresho.",0.5
"Bityo rero, abagore babaha amafaranga.",Akora cyane kugira ngo abone amafaranga ye!,0.25
"Umugabo mu itsinda ry'abantu bigaragambya, arimo arataka muri mikoro.",abantu barigaragambya bakoresheje imivugire n'amajwi.,0.78
Jim Richards Mark Skaife Nissan Skyline BNR32 GT-R 161 impande 6h 19m 14.80s,Peter Brock Jim Richards Holden VC Commodore 163 amasegonda 6h 47m 52.7s,0.5
Abantu batatu bapfuye mu gitero cy'igisasu cya Marathon muri Amerika,Abatalibani bahakana uruhare mu gitero cya bombe cyabereye i Boston,0.62
"Ukurikije uwo muntu, ushobora kumwibwira mu matwi.","Mujye mumusuhuza mu ijosi no mu matwi, mumuseke amagambo.",0.38
Ifoto y'umugabo wishimye utwaye imodoka isa n'iy'ikamyo nini.,Abana bishimira gukora ikintu gishishikaje mu gihe bitegura gufotorwa.,0.28
"Ndi kwica umwana wanjye uyu munsi, sinshishikazwa n'uko ari bibi cyangwa ari byiza!","@SuePalmers @LSDsr Ntacyo bintwaye. Si jye uhitamo, kandi si wowe uhitamo, guhitamo icyo undi mugore azahitamo. #feminism",0.53
"Abasirikare batangajwe n'uko bari bagiye kurwana, bahise bajya ku rugamba.",Abasilikare batangajwe n'uko bahise bahitaga bahindura imitwe y'ingabo.,0.78
"Mu muryango wari wuguruye, umucyo w'ijuru warasaga.",ijuru ryarabagiranaga mu muryango.,0.62
"Nyamara, inkuru ivuga iby'igitabo cya Titanic ni yo igaragaza ko ibimenyetso by'icyo gitabo byasuzumwe neza.",Ubushakashatsi bushya bugaragaza ko inkuru ya Titanic idashobora gusuzumwa neza.,0.69
"Hari aho nasomye ko hari filime nshya izajya hanze mu mwaka wa 2008, cyangwa umwaka utaha.",Hari aho nasomye ko umwaka utaha cyangwa mu mwaka wa 2008 hazaba hari filime nshya.,0.94
"Ibuka umubyeyi, wihorere se.",Naje gusigira mama umwenda munini.,0.25
Ariko uwo mukobwa ntiyari afite icyizere nk'icyo.,Ariko uwo mukobwa ntiyari afite icyo cyizere.,0.69
Abana baguzwe n'abantu babaga barera amatungo.,Bagura abana bakabarera nk'amatungo.,0.69
Hari amafi menshi mu nyanja... komeza ushakishe,"Genda, nshuti, mu nyanja harimo amafi menshi.",0.75
Desdemona ni umwe mu myerekano yo mu kirere cya Uranusi .,Desdemona ni ukwezi kwegereje Urani .,0.88
"Fiordiligi , wari wababaye cyane bitewe n' uko ibintu byagenze , yafashe umwanzuro wo kujya mu gisirikare agasanga uwo mugore yari yarasezeranye .","Martin yiyemeje kugaragaza ko ari umuntu mwiza , maze ajya gushaka ibyamubayeho .",0.47
Icyitonderwa: Ntekereza ko nzasoma igitabo cya kabiri ntabonye ibintu byinshi byo gusoma.,Sinzigera ndangiza iki gitabo.,0.5
"Urukundo rwa Flint na Neryn ruracyari ikintu cy'ingenzi cyane, kuko rwatangiye kwiyongera buhoro buhoro.",Tali na we yankoze ku mutima cyane igihe yavugaga ko yibandaga ku ntambara yo kurwanya umwami gusa kandi ko yari akomeje kuba umugome kuri Neryn.,0.31
Umugabo n'abagore babiri basekera kamera bari bicaye ku divayi y'ubururu.,Umugabo n'umugore basekera kamera bari bahagaze mu gikoni.,0.57
"ariko niba uvuga amafaranga menshi, ninde uzi",Umva umukobwa uri hejuru y'iki- azi icyo avuga!,0.31
Jya ukora filimi cyangwa umuzika.,Shyira umucanga mu kintu cyitwa vaseline.,0.12
"Icyakora, hari ibibazo bimwe na bimwe byo mu rwego rw'umuteguro n'ibikorerwa mu rwego rw'imikorere mu rwego rw'imyanya y'ububiko.","Ariko kandi, mu bikorwa, ibikorwa byo gushyira mu bikorwa biracyatangaza ibibazo by'ubuyobozi n'ibikorerwa mu bibuga ubwabyo.",0.72
"Ni ikibazo cyiza cyane, ndategereje ibisubizo.",Ndategereje ibisubizo by'ingirakamaro by'umuntu uwo ari we wese.,0.84
Nishimira ko yakinaga na Johnny Depp muri za filimi ze hafi ya zose.,Johnny Depp ni umuntu mwiza cyane kandi ndi umufana we ukomeye.,0.62
Nta kintu na kimwe cyaguca intege mu gihe wakinaga uyu mukino uteje akaga.,"mu mukino uteje akaga nk'uwo, ibidutesha umutwe byose ntibihoraho.",0.78
"Bityo rero, abagore babaha amafaranga.",Amafaranga yanjye ajyana natwe bakobwa.,0.34
Ntekereza ko ngiye gutora umugore w'umusore w'umukunzi wa Monica Lewinsky,"Uko bigaragara, abafana ba @BernieSanders ntibakunda kubona izina rya Hillary rigaragara. #SheWhoShallNotBeNamedBecauseSheWins",0.25
Mubaze gusa kandi mwirinde.,"Jya wiringira, ariko ntukigire ubwibone.",0.66
Abakozi bakora mu mirimo y'ubwubatsi bajya kuruhuka hanze y'inyubako.,Abakozi benshi bakora mu mirimo y'ubwubatsi bareba ahantu hatera abantu gutembera,0.47
Dufite inshingano yo kurinda ubuzima bw'umwana utaravuka. - Ronald Reagan #ccot #gop,@hillaryclinton - Ibyo bivuze ko wishimira ko mbera intwari kuko nta mwana wanjye na rimwe nabonye ntwaye inda? #ubwiyorobetsi,0.62
Yasize ubutumwa bwo gusaba imbabazi.,"Ujye ibumoso, ujye munsi y'imirenge, kandi ugire amahirwe.",0.07
"Mu by'ukuri, sinari nzi neza icyo gihugu nk'uko nawe wabitekerezaga.","Niba ari ukuri, sinzi icyo gihugu neza nk'uko nabibabwiye.",0.69
"Mu buryo butunguranye, ijwi ryayo ryahindutse, mbese nk'aho yari yarakuze cyane.","Mu buryo butunguranye, yari afite uburyo butandukanye bwo kumva, nk'aho yari yarakuze.",0.66
"Umugabo uri hejuru y'inzu yambaye imyenda y'ibikoresho by'ubwubatsi, arimo arakora imirimo yo gusana.",Hari amadirishya manini n'amadirishya mato agize igice kinini cy'inyubako.,0.31
"Ni byiza kuri Hillary, kuki se atari Meya wa #Baltimore. #DemocratLiesMatter","Kugeza ubu, amashusho 96 y'amafaranga y'ishimwe ya Hillary yabonetse muri Greenville, SC! #FellowsSC",0.2
Umugabo yitegereza yitonze uko imbwa ye y'umukara isimbukira mu mazi.,Abagenzi babiri b'abanyamaguru basimbuka ku mabarabara y'ibitaka imbere y'amazi.,0.28
Inkuru nziza cyane ivuga ibya Jeff na Fallon!,"Niba ukunda Fallon na Jeff, ugomba gusoma iyi nkuru.",0.84
Kuvuga ko ari hasi byari kuba bishimishije ko umugore aba perezida.,@Xxoax @HillaryClinton @MaryMorientes @BarackObama Isi yose iri kugufasha.,0.56
Hashize isaha irenga kandi nta jambo na rimwe rya Travis ryageragaho.,Nigeze kubaza abantu ibyerekeye Goldie.,0.22
Twamaze kuvuga ibyo twari dukeneye kuvuga byose.,Twamaze kuvuga ibyo twagombaga kuvuga byose.,0.78
"Ku bw'ibyo, nk'umunya-Latino, (ni ukuvuga ko ari umunya-Peru), reka mbabwire ikintu cy'ingenzi:","@MarioLopezExtra @nbc yirukana Trump, ariko akomeza kugirana imishyikirano ikomeye na @BWilliams @TheRevAl #LAUGHABLE #JOKE #LIARS #NBC GO",0.38
Nabonye gato mu ijambo rya Hillary Clinton kandi nishimira kumva gahunda ze zo kunoza politiki mu butabera bwacu.,"@hughhewitt nk'uko nakwandikiye kera, porogaramu ya #ACA ishobora gukosorwa, ariko ikosa ry'ingamba za GOP zo 'kuvanaho' ntirishobora gukosorwa",0.12
Yari afite amazi mu mutwe.,"Buri gihe mu bwenge bwanjye"" ya PSApp",0.1
Abagore babiri bakuze bakora akazi kabo bashyizeho umwete.,Hari abakobwa babiri b'abageze mu za bukuru bari mu birori.,0.62
@thehill @evanperez uransetsa...reka yibanze ku bibazo...,"Uri umusazi uramutse ugiye gutora Hillary, we na Obama ni bo batanga urugero rw'ibidakwiriye muri iki gihugu #Benghazi",0.36
"Mu gihe Korum ari we utegeka, Mia azi uko amurwanya kugira ngo amenye icyo ashaka.","Icyakora, hari igihe imishyikirano Korum na Mia bafitanye iba iy'abagabo.",0.66
Utekereza ko ushobora kuvuga ikintu cyose nta ngaruka?,Ese hari umuntu waciye imishyikirano n'umukuru w'igihugu Lindsey Graham ubwo yitaga Abanyakiranda ababeshyi?,0.25
@LaureneDiCillo @NBCNews @dl34l Kandi kuki itangazamakuru rikomeye ritagaragaza ko Hillary yananutse muri iki kibazo.,@frodofied SO? THT ntizigera na rimwe ihindura inkunga bahawe na DOMA no guceceka ku burenganzira bwa #LGBT #LGBTQ kugeza igihe bizaba bifitiye inyungu za politiki.,0.41
"Thalia yari intwari ikomeye kandi ifite ubushobozi, kandi yakomeje kuba umuntu w'inyangamugayo.",Hari ibintu byinshi bibabaje byabaye hagati ya Gabriel na Thalia.,0.38
"Igisenge cy'ibitoro cyatwaraga amadolari 2,52 n'ibice icumi bya litiro.",Izina ry'inzu y'ibitoro n'isaha y'igitoro ku giciro cya $ 2.52.,0.93
Mwebwe abagabo muri hano mushobora kwifuza gusuzuma ibibazo byanyu n'ibisubizo byanyu!,Jya ubaza abandi ibibazo kuko nta bisubizo mfite.,0.53
"Ni umurezi w'umunyabwenge ukomeye, si byo se?","Ni imbaraga z'ubupfumu n'ubushishozi, si byo se?",0.66
"Mu buryo butunguranye, imbere yanjye habumburwa ubutayu bunaniza.",Aha ni ho habonekera icyuho gitera umutwe.,0.66
Ni ibintu bishimishije kandi bivuguruzanya mu buryo Terry Pratchett wenyine ashobora kubikora.,"Ni umunyabwenge kandi ni mwiza, nk'uko Terry Pratchett wenyine ari we ushobora kuba ari we.",0.91
Amafi y' intoki ni amoko ane y' amafi y' intoki y' intoki .,"Amafi y' intoki asa n' amafi y' intoki , ariko ni mato .",0.69
"Weizmann na we yari umuhanga mu by' ibikomoka ku buhinga bwa ABE , butuma habaho acétone binyuze mu guteka kwa bakteria .","Nanone Weizmann yari umuhanga mu by' ibyokurya , kandi yageze ku buryo bushya bwo gukora acétone akoresheje uturemangingo .",0.78
"Nanone kandi, amafaranga 400.000 #Hillary yaguye kuri Goldman Sachs ku ""mibonano"" ibiri. @Joan_Vennochi","@fuzislippers @KLSouth @gdebenedetti Yee, ni umunyabwenge koko! Lol #MakeAmericaGreatAgain #WhyImNotVotingForHillary",0.47
Ibyiza ni Aries na Torrent.,gerageza urubuga rwa torrent nka isohunt.com,0.41
Ibyo ni byo biceri byanjye bibiri uko byagenda kose.,Ibyo ni ibiceri byanjye bibiri gusa!,0.84
"Indirimbo zanjye nkunda ni ""Paper Heart"", ""Dirty Little Secret"" na ""Move Along"".",Izo ni zimwe mu ndirimbo nkunda cyane.,0.69
Umukobwa wambaye umwenda w'ubururu agendera mu iduka ryuzuye ibintu bya Pokemon.,"Hari umwana muto, ukina n'ikarita za Pokemon.",0.5
"Iyo ndirimbo yamaze isaha irenga , yari imurika rirerire cyane .","Ni umurimo muremure cyane , ugenda urushaho kumara isaha .",0.59
Ufite amavuta gusa ariko nta lampi ufite,"Ufite amavuta, ariko nta mugozi ufite.",0.75
Abana babiri barimo basuka mu mazi.,Imbwa ebyiri zirakina hamwe ku buriri.,0.28
"Ubusanzwe , Minisiteri zigengwa na Kabineti , na Minisitiri w' Intebe , Perezida cyangwa Kanselari .","Shaukat Aziz , yabaye Minisitiri w'Intebe wa Pakistani kuva mu 2004 kugeza mu 2007 .",0.44
Igisubizo ni uko ukunda kuba uri kumwe n'uwo muntu.,IGISUBIZO: Ni ukubera ko iyo umuntu ari kumwe nawe wumva umerewe neza.,0.91
"Muri rusange, ni igitabo gishimishije kandi cyihuta.","Muri rusange, igitabo cyitwa The Graveyard Book cyatumye nkunda Neil Gaiman.",0.53
Buri gihe narariraga nk'umwana!,Uwo mwana ni umwana w'umugabo we.,0.09
Hariho indaya zitinya kwica ikimonyo gito mu nzu yazo ariko zikimara kwica umwana...,"Mbega iminsi 7 myiza yo kuba Umunyamerika, cyane cyane Umuteksani. #SCOTUS #LoveWins #Obamacare",0.03
Impamvu zose zituma habaho umwanzuro wo guhindura cyangwa guhagarika uruhushya zigomba gushyirwa ahagaragara.,Icyemezo cyo guhagarika cyangwa guhindura uruhushya kigaragaza impamvu.,0.75
"Ikiganiro cyitwa ""Isezerano"" kizahora ari cyo nkunda cyane.",Nkunda iyi nkuru kandi nzayisuzuma nkimara kubona ibitekerezo byanjye.,0.62
"Umugabo wambaye imyenda mito, akagenda ku mashusho y'ibikoresho byo kwiruka.",Umusore umwe ajya ku igare ry'amabara y'umutuku.,0.66
"Nta kintu na kimwe kiri hejuru yacu mu birometero byinshi, cyangwa uko ubivuga kose!","ibirometero, cyangwa uko byitwa kose, ntibiruta twe!",0.67
Ese ntabwo ari leta imwe yahaye amategeko ubwicanyi?,"Bernadette Smyth ni umunyabwenge, nta buzima bwe, nta mubiri we, nta n'akazi ke.",0.25
GParted na KDE Partition Manager ni porogaramu z' imiterere ikoresha ibitabo byatandukanye .,Gparted ni porogaramu ikoresha ububiko bw' ibitabo bwahindutse .,0.62
Abacuruzi ba telefoni bahamagara imibare iri ku rutonde nyuma y'itariki ya 1 Ukwakira bashobora guhangana n'ibihano by'amadolari agera ku bihumbi 11 ku murongo.,Amategeko avuga ko abacuruzi bahamagara abantu ku nimero ziri ku rutonde bashobora guhanwa amadolari y'amanyamerika agera ku 11.000 ku gihe baba bakoze amakosa.,0.87
Umugabo wari unaniwe kuryama ku ntebe.,Ibitwa by'umuntu biguma mu mazuru.,0.19
Imbwa y'ibara ry'umuhondo n'umukara iri iruhande rw'umupira w'amabara.,Imbwa y'ibara ry'umuhondo n'umukara yiruka ajya gushaka umupira utukura.,0.66
"Imikino ibiri, imikino itatu y'intwari zose, imikino irindwi ikurikirana.","Imikino ibiri, imikino itatu y'Inyenyeri zose, 7 ikurikirana.",0.84
Lizzie ni we musenyeri mushya wa Lychford.,"Mujye mubona Lizzie, umukozi mushya w'itorero, ukiri mu kababaro kubera urukundo rwabuze, na Autumn, wahoze ari incuti ya Lizzie, wari umuhanga mu bya filozofiya, wahindutse umuhanga mu bya filozofiya.",0.59
"Ikirangamisi cya Gregoriyani hamwe n'uburyo bwo kubara imyaka , ni bwo buryo bwo kubara ikirangamisi bwakoreshejwe cyane ku isi muri iki gihe .","Ikirangamisi cya Gregoriyani cyerekana umwaka Yesu yavutseho , gihuje n'ibyavuzwe mu kinyejana cya 6 .",0.56
"Ndahamya ko wifuza kureba icyo mvuga, si byo se?",Kuba mfite ubunyamwuga byatumye nkunda ibyo bimpitana.,0.12
Umugore ufite isura y'ubwoba yitegura kugenda mu modoka igenda igana ku mpinga z'imisozi miremire.,"Abantu babiri barimo barira muri kayak mu ruzi rurangwamo amahoro, bakikijwe n'ibiti binini kandi bihunze.",0.19
Nkunda umuntu untera guseka cyane.,Buri gihe iyo mbireba birantera guseka.,0.31
"Nkunda De Niro, Pacino, Stanley Tucci!",Uvuga Robert De Niro muri Scarface?,0.44
Amakuru ya nyuma nari mfite yagaragaje ko kaseti ndende cyane yari ifite iminota 110.,"Nin, stand, nickleback byose byaje mu minota mike ishize.",0.16
Nzasoma ibindi bintu byo mu gitabo cya Harper Connelly.,"Ariko kandi, nzemera ko narushijeho gutengushyirwa n'ukuntu Harper na Tolliver bakiriye icyo gitabo.",0.47
"Frankie Avalon ni umukinnyi wa filime w' Umunyamerika , umuririmbyi , n ' umunyacyamamare wahoze ari umwangavu .",Emily Jordan Osment ni umukinnyi w' imideli w' ingimbi n' umwanditsi w' indirimbo w' umwangavu wo muri Amerika .,0.44
Iyo migani mishya igaragaza ko imibare yose y' imigani ya Urani ari 13 .,Kuva mu mwaka wa 2010 abantu bari bazi ko urunani rufite impeta 13 .,0.84
Sam na Jared bagiye gushyingiranwa n'abanzi b'amaraso.,Nta kintu na kimwe cyaba gihagije kuri Jared na Sam!,0.56
"Kugira ngo ndangize iki gitabo, byantwaye igihe kirekire cyane!!!",Ndagira ngo mvuge ko Haven yampaye imbaraga zo gusasa muri iki gitabo.,0.38
Uwo muco uzwi cyane kubera ko utera urwikekwe n' Abanyakiripi .,"Ni abanzi b' Aba Crips , abandi bantu bo mu muhanda .",0.88
Ni ironi ko abantu bakora imiti irokora ubuzima ku nyamaswa kugira ngo zikomeze kubaho ariko bakaba bafite ibitekerezo by'ukuri ku byerekeye,"@NYCanegirl gufata umuntu ku bushake ni ubwicanyi bw'icyiciro cya mbere, kandi urabizi.",0.47
Nta kintu kibi umugore yakora ngo aganire n'umugabo.,Kuva ryari umugore yavuga nabi cyane ku mugabo?,0.81
"Icyo gihe, abantu bari bacecetse ku gasozi nk'aho ari ikintu kigaragara.",Birumvikana ko aha hantu hari hatuje cyane.,0.44
Freak ajyanwa mu bitaro .,Iyo nzu yavuyeho .,0.22
@realDonaldTrump Birashoboka ko ari kubera ko @jorgeramosnews yagombaga guhindura iyo nyandiko nyuma yo gushyiraho iya kera kuri Instagram #TrumptheChump,@realDonaldTrump Nshyize umukono ku masezerano yo gutora uyu munsi kugira ngo nshobore gufasha #MakeAmericaGreatAgain #Honesty,0.31
"Hari itsinda ry'abantu bari bateraniye hamwe kugira ngo barye, bambaye imyenda y'akazi.",Umugabo wari ufite agahembe k'igare arimo afata itike y'ipiganwa mu mashini.,0.25
Uwo muntu wari uyicayeho yari Umwami w'umugezi wa Nozdrub.,Imana yagombye kwita ku bapfuye.,0.25
"Niba ukunda intangiriro y'igare ry'igihe, uzakunda iki.","Mu by'ukuri, The Unremembered itwibutsa cyane The Wheel of Time, cyane cyane The Eye of the World.",0.44
Mike Jagger Keith Richards ibyo ni byo byose nzi,"Intwari zanjye ni Jim Morrison, David Le Roth na Mick Jagger.",0.53
Imeri nyinshi za PT zagiye zimenyekana cyane mu gihe cy' intambara .,Ubwato bwa PT bwari ubwato bw' amavubi .,0.61
"Niba ubonye mbere y'uko ngaruka, mbabarira unyibutse gutegereza.",Niba ugomba kunsabira mbere y'uko ngaruka... umbabarire ntegereze.,1.0
Imbwa y'umukara yambaye umufuka wa orange yafatanywe umuringa wo kuroba.,"Imbwa y'umukara yambaye umufuka utukura, isuka amazi.",0.62
Ntekereza ko uyu munsi uzatuma Agha sahib yishima cyane.,"uyu munsi, uzaba uri umunyabwenge w'umunyabyaha, uzagira ishema n'ibyishimo.",0.69
Hari isoko ry'Abanyaziya rihuze n'amatara y'ibitabo n'abaguzi.,Hari umugore w'umusaza wo muri Aziya witegereza inyuma y'umuryango w'ubururu.,0.38
"A28/E30 ikurikira mu burasirazuba, mu majyaruguru ashyira uburasirazuba kugeza A1/E30.","A28 / E30 mu burasirazuba, mu majyaruguru ashyira uburasirazuba mu majyaruguru yerekeza ku A1 / E30.",0.72
"Mu mwaka wa 1992 , Coppola yongeye gusohora filimi eshatu za Godfather mu buryo buhuje n' ibihe , yitwa The Godfather Trilogy 1901-1980 .","Filime ya gatatu yo mu gitabo cya gatatu cya Godfather , The Godfather Part III , yasohotse mu mwaka wa 1990 .",0.72
Amashura abiri y'imideli yitegereza kure.,Umwana w'imfura w'imfura y'umushishe ashaka icyayi cy'ibishyimbo.,0.31
"Ese wari kumushuka ngo amenye byinshi, cyangwa se wari kumushuka?","Niba ushaka ibindi bisobanuro, reba urubuga rwacu!",0.25
Ntekereza ko ari inshuro zigera kuri 10 cyangwa 15 mu cyumweru.,"Iyo umuntu agiye kwiga no gukora, aba afite nibura rimwe mu cyumweru, ariko nibura gatatu mu cyumweru.",0.44
"Mu rugero, navuga ko ari rimwe cyangwa kabiri mu cyumweru, rimwe na rimwe rimwe navuga ko ari kenshi kurushaho.","Rimwe na rimwe, amara icyumweru cyose atabikora.",0.34
"Ubusanzwe , ibikomoka ku mafi y' inka ni byo bibonerwa mu bikomoka ku mafi y' inka .",Yogurt cyangwa yogurt ni ikinyabiziga cyakozwe binyuze mu guteka amata n'udukoko .,0.66
Uyu ni we wankozeho.,Kuki uwo mukobwa yahishe izina rye?,0.22
"Andre Luis Neitzke , cyangwa Andre , ni umukinnyi wo hagati w' ikipe ya Brazil .",Ivan Mariz yari umukinnyi wa football wo muri Brezili wari umukinnyi wo hagati .,0.47
"Ni ukubera uburyo uwo mugabo avuga ""S"". Ibyo bituma numva ntishimye.",Ni ukubera uko uwo mugabo avuga amagambo ye...,0.84
Hanyuma Edge yahishuye ko Chavo Guerrero yari kuba ari mu ruhande rwe .,Hanyuma Edge yavuze ko yari kujya ahamagara Chavo Guerrero ngo ave muri ako gace .,0.81
@SLessard 100% turabyemeranya. Dukeneye umugore nka Hillary ushobora gufasha iki gihugu kongera gukira!,@lbush34 @HillaryClinton urimo urwanirira umukobwa wanjye Hillary!,0.53
umugore uri ku meza y'amafunguro arimo kwandika mu gitabo cye.,Umugore wari ku meza yari ahuze n'ikintu runaka.,0.67
Ibyo bisobanura ko ikeneye kwitabwaho.,Ese urumva icyo nshaka kuvuga?,0.44
Abagabo bazishimira ko wambara neza.,bambara umwambaro w'impanga w'ibinyampeke abafana barawukunda cyane mbwira ibyabaye vol_fan_raybaby@yahoo.com,0.41
"Yee, keretse niba hari ikibazo cya ngombwa mu biro.",niba nta kibazo gihari.,0.5
"Bakina imikino yabo yo mu rugo ku kibuga cya Portman Road , Ipswich .",Ikibuga cy' iyi kipe ni Portman Road .,0.81
Gura itangazo mu kinyamakuru ry'umucuranzi wa bass.,Gura iyo DVD kuri Best Buy.,0.19
"Rimwe na rimwe , yandikaga ko Afurika y'Amajyaruguru ari yo "" Eurasia "" .","Rimwe na rimwe , Eurasia yigabanyijemo Eurasia y' Iburengerazuba n' Eurasia y' Iburasirazuba .",0.62
"Ibyo ni byo byonyine biranga umurongo w' imashini , utabariyemo impande zigariyemo .",Iyi shusho irema umurongo w' umurongo w' umurongo kuri Commons mu buryo bw' urutonde .,0.22
Kubera ko ibintu byinshi biba mu nkuru za Asanderi byagaragaraga ko ari ubupfapfa.,"Icyakora, sinari narigeze numva ko ari nk'aho ari nk'aho ari nk'aho ari nk'aho ari nk'aho ari nk'aho ari nk'aho ari nk'aho ari nk'aho ari nk'aho ari nk'uko byari bimeze kuri Cinderella.",0.47
Mubwire ibyo mwifuza ko mwembi muzabaho mu gihe kizaza.,Mubwire ibyo mwifuza ko muzahora mukora.,0.84
Jya ubigerageza mu nkoranyamagambo.,Ni inkoranyamagambo.,0.59
Opiyo ni Latex yumye yavuye mu mavi ya opiyo .,Opiyo ni umuti uvura ibiyobyabwenge wakomokaga ku bihingwa bya opium .,0.88
@WhiteHouse @POTUS Abana bose uretse miliyoni z'abagiye gukuramo inda #everylifematters,"@mrprolife Ibibazo by'uburwayi bibaho mu buryo bwose bwo kwivuza, ariko ntibivuze ko iyo nzira ubwayo igomba gucibwa. #DealWithIt",0.37
"Josh Lyman , umuyobozi wa Santos , yemeza Leo McGarry ko ari we ugiye kwiyamamaza .",Santos yari ateganya kuva mu Nteko y' Abadepite mbere y' ko Josh Lyman amugira umukandida wo kwiyamamaza .,0.72
"Gray yaba yaragiye asuzuma bamwe mu bagenzuzi be, si byo se?","Gray yari afite imfashanyo ebyiri, si byo se?",0.81
Abantu bakuru b' aba Mikrodoni basa n' abahinzi .,Abantu bakuru b' aba Mikrodoni bafite ubwoya bwinshi cyane kandi basa n' inzuki .,0.59
"Urutonde rw'ibicuruzwa,Ibiro by'ibicuruzwa,Ibiro by'ibanze by'ibicuruzwa,Ibiro by'ibiro by'ibiro by'ibiro by'ibiro by'ibiro by'ibiro by'ibiro by'ibiro by'ibiro by'ibiro by'ibiro by'ibiro by'ibiro by'ibiro by'ibiro by'ibiro by'ibiro by'ibiro by'ibiro by'ibiro by'ibiro by'ibiro by'ibiro by'ibiro by'ibiro by'ibiro by'ibiro by'ibiro by'ibiro by'ibiro by'ibiro by'ibiro by'ibiro by'ibiro by'ibiro by'ibiro by'ibiro by'ibiro by'ibiro by'ibiro by'ibiro by'ibiro by'ibiro by'ibiro by'ibiro by'ibiro by'ibiro by'ibiro by'ibiro by'ibiro by'ibiro by'ibiro by'ibiro by'ibiro by'ibiro","Ubucuruzi, Ubucuruzi, Ubucuruzi, Ubucuruzi, Ubucuruzi, Ubucuruzi, Ubucuruzi, Ubucuruzi, Ubucuruzi, Ubucuruzi, Ubucuruzi, Ubucuruzi, Ubucuruzi, Ubucuruzi, Ubucuruzi, Ubucuruzi, Ubucuruzi, Ubucuruzi, Ubucuruzi, Ubucuruzi, Ubucuruzi, Ubucuruzi, Ubucuruzi, Ubucuruzi, Ubucuruzi, Ubucuruzi, Ubucuruzi, Ubucuruzi, Ubucuruzi, Ubucuruzi, Ubucuruzi, Ubucuruzi, Ubucuruzi, Ubucuruzi, Ubucuruzi, Ubucuruzi, Ubucuruzi, Ubucuruzi, Ubucuruzi, Ubucuruzi, Ubucuruzi, Ubucuruzi, Ubucuruzi, Ubucuruzi, Ubucuruzi, Ubucuruzi, Ubucuruzi, Ubucuruzi, Ubucuruzi, Ubucuruzi, Ubucuruzi, Ubucuruzi, Ubucuruzi, Ubucuruzi, Ubucuruzi, Ubucuruzi, Ubucuruzi, Ubucuruzi, Ubucuruzi, Ubucuruzi, Ubucuruzi, Ubucuruzi, Ubucuruzi, Ubucuruzi, Ubucuruzi, Ubucuruzi, Ubucuruzi, Ubucuruzi, Ubucuruzi, Ubucuruzi, Ubucuruzi, Ubucuruzi, Ubucuruzi, Ubucuruzi, Ubucuruzi, Ubucuruzi, Ubucuruzi, Ubucuruzi, Ubucuruzi, Ubucuruzi, Ubucuruzi, Ubucuruzi, Ubucuruzi, Ubucuruzi, Ubucuruzi",0.72
Gerageza kumushyira mu nzoga mbere y'uko ufata umwanzuro.,Mujye mumuheka maze murebe uko asa.,0.75
Abategetsi baha agaciro kenshi amagambo yo muri Bibiliya kurusha abagore n'imibiri yabo,"Bernadette Smyth ni umunyabwenge, nta buzima bwe, nta mubiri we, nta n'akazi ke.",0.44
"Igitabo cyitwa The Accidental Vampire, Elvi na Victor",Elvie Black yahindutse Vampire mu buryo butunguranye igihe yari mu biruhuko muri Megizike ari kumwe n'incuti ye magara.,0.53
"Umukobwa wanjye, arafunze, ndabinginze umuntu arokore umukobwa wanjye",Hari umuntu uzakiza umukobwa wanjye.,0.5
"Iyo nshubije amaso inyuma kuri Maven, sinzi uko namucira urubanza nyuma y'uko amutekerereje ibintu byinshi.",Inzu y'Umwami itangira aho Inkota y'Icyuma yaretse: amasezerano ya Mare na Maven.,0.38
"Birashoboka ko nkunda umugore ukomeye cyane, ariko sinzi ko nzasoma izindi ebyiri ziri muri iyi nkuru.",Ni nk'aho umwanditsi w'icyo gitabo yari afite ikibazo cyo kuryamana n'umuntu.,0.19
Amaguru ye ashobora kugwa.,Yari afite imikoba myinshi yari ifite amaguru n'amaguru.,0.34
2010 ni Umwaka Mpuzamahanga w'Ibiremwa by'Ibiremwa .,Yamusimbuye Julia mu mwaka wa 2010 .,0.28
"Igihe umugore we yapfaga, yifuzaga gupfa maze asanga Lestat.",Icyumba cyari gihishe we na Lestat.,0.44
Lindsey yavuye mu matora kubera ko yari yaramaze gutorwa incuro enye .,"Nubwo nta majwi yabonye mu mukino wose , yatoranyijwe kubera ko yari abitewe n' akaga .",0.4
Ese... ni ryari umukunzi w'umukinnyi azasohoka?,"Marie Rutkoski yongeye gusohoka muri pariki afite ""Icyaha cy'Umunyabahesha Imigisha"".",0.25
"Abirengagiza amateka, bazabigarukaho.","Abapfobya amateka, bazabigarukaho.",0.84
Ntitwari twarigeze tumenyana mbere yaho.,Nta bwo twabonanye mbere y'uko tuganira.,0.78
Jye n'incuti zanjye twakundaga gukora imyitozo ngororangingo.,Jye n'incuti zanjye twakundaga kujya mu nzu kugira ngo dukore imyitozo ngororamubiri.,0.94
@OnlineForLife murakoze cyane ku buryo mutangaza ubutumwa bwiza bw'ubuzima.,"Ndaharanira ko abana banjye bahabwa uburenganzira bwo gukora imibonano mpuzabitsina, ariko sinshaka ko babaho nk'uko nababwiraga.",0.47
"Imibereho y'abantu: Nabonye ko ""Imbonerakure zo muri Manhattan"" ziryohera cyane nubwo ntazi byinshi ku birebana n'iyo nkuru.",Ushobora gutangira ku gitabo cyitwa Vampires of Manhattan ukagikurikirana neza.,0.47
Raporo za IPCC ni igitabo cy' ubushakashatsi bwakozwe n' abahanga mu bya siyansi .,"Inama y' abagenzuzi ni yo ishinzwe gukora inama y' abagenzuzi y' umuryango wa IPCC , kandi iyo Komite yemeje Raporo zayo , iba yemerera kureba neza ko zihura n' amahame ya IPCC .",0.72
Nabonye iyo filimi incuro nyinshi.,Nabonye incuro ebyiri.,0.5
"Kubera ko Arin ashyigikira incuti ze z'abapfuye mu ntambara yo kubungabunga umudendezo w'igihugu cye, ntashobora guhangana n'igitekerezo cy'uko Kestrel azi byinshi kurusha uko abivuga.","Inkuru yose yari ivuga gusa ko Arin na Kestrel bari bashishikajwe n'abandi, kandi ko ingorane bahuraga na zo zatumye batandukana.",0.53
Nkunda ukuntu yamenye ko umugore we yari amuteye agahinda.,"Torpedo Ink ni itsinda ry'abavandimwe ba Viktor, ari bo bonyine barokotse ishuri ryo kumutoza ryoherejwemo akiri umwana.",0.0
"Kandi se, waba ukunda uko amarembo y'Abafaransa yuguruka agana ku kibuga?",Radiyo igiye kugira umunsi w'inzugi zuzuye.,0.31
"Muri Kanama 1923 , Baldwin yajyanye Chamberlain ku mwanya w' umuyobozi w' ikigo cy' ubutunzi .","Icyo gihe Chamberlain yari umushikiranganji w'imari , akaba yari ashinzwe ubukungu , mu gihe gito .",0.56
Umwana w'umuhungu asimbuka ava hejuru y'ikibumbano cy'umwenda w'ubururu.,Umurwanashyaka w'umunyamwete urimo asimbuka ava ku ntoki ajya ku wundi.,0.41
Kuki wagombye gushaka gukunda umuntu udashobora kwishyuza ibyo byiyumvo?,Si wowe wenyine wumva utyo.,0.41
Zac Efron ni we muntu w'ibyamamare kurusha abandi bose.,Kandi Zac Efron ni we musore w'ikirangirire kurusha abandi bose!!!!!OMG!!!!!,0.83
Mujye mumushimira ku buntu.,Nta cyo nshobora kugufasha.,0.34
yewe na bubbles ni uko,"Ni byo, ni byo bita gufungura televiziyo.",0.09
"Nkunda cyane abo mu cyumweru gishize bagiye mu gitaramo cyo mu mujyi wa Houston, muri leta ya TX.",Mu mpera z'icyumweru gishize nagiye kureba filimi ivuga iby'umuryango wa Madea.,0.28
"Cinder yabaye Cinderella, naho Ella wari umukene, nyina ntiyamubona.",Ni uburyo bwo gusobanura inkuru ya kera ivuga ibya Cinderella.,0.66
Umugabo n'umugore bakuze bambaye imyenda ku rubyiniro mu gihe cy'igitaramo.,Hari umusaza uhagaze imbere y'imbaga y'abantu kugira ngo akore ikintu gikomeye.,0.53
Miss USA De la Fuente yavuye mu irushanwa ry'amahirwe maze ahamagara @realDonaldTrump nk'umunyabwenge n'umusazi...,#ProgressiveCommand:Abakoze ibyaha bakeneye igihano gito n'amabohero meza kugira ngo babashe gukira!#tcot @ericbolling #Greta,0.12
Abakobwa beza ntibakundana abagabo ni ibintu bishimishije kurusha igitabo cya mbere mu itsinda (Abakobwa beza ntibagira imyenda).,Nashimishijwe cyane n'uko Jane Jameson yakundaga umuziki wa pop mu mashusho ya Nice Girls Don't Date Dead Men.,0.66
Umuporisi areba imodoka ikora iby'umuriro.,imodoka ikora iby'umuriro irwanya umuriro.,0.41
Ndi umusore ufite gahunda yoroheje.,indirimbo yawe y'igikundiro cyangwa Untitled by simple plan,0.16
Ndamukunda cyane kurusha Elena kuko Elena afite uburenganzira bwo kuvuga ibintu byose kandi ari umwana ukunda kurira.,Sinari kuyongera ku meza yanjye kuko sinzi neza.,0.03
"Misiri yiteguye indi myigaragambyo, isenga isaba gutuza","Misiri yiteguye kongera imyigaragambyo kubera Morsi, isenga isaba gutuza",0.84
"Jye ubwanjye, mbakunda bombi.",Ese yaba yaramubonanye na we ubwe?,0.28
"Ejo nijoro, mu by'ukuri, tugiye gutegura ibirori, niba ushaka kuza.","Mu by'ukuri, ejo nijoro tuzaba dufite ibirori.",0.9
"Ni koko, ndabihamya ku bushakashatsi nagize.","Ni iby'ukuri ko mu Ntambara ya Kabiri y'Isi Yose, ibisasu byabaga byaratwikiraga amajwi igihe byakorwaga.",0.56
Loki ni umwanditsi w'ibyishimo ariko urakaza.,"Bityo, nabonye ""Ivanjiri ya Loki"" kuri Netgalley, mbyishimiye cyane.",0.25
Abashakashatsi bavuga ko iyo kompanyi y'Abongereza yari ikinyuranyo cya CIA.,Abashakashatsi b'Abarusiya bavuze ko iyo kompanyi y'Abongereza yari ikiri ibanga rya CIA.,0.81
Bwana @realDonaldTrump ndashima ko mwafashe iya mbere mu gutora.,"@realDonaldTrump, naraguteze amatwi kuri @FoxNews. Uri mwiza cyane!",0.69
"Umugende wa Toei Asakusa watangiye gukora i Shimbashi mu mwaka wa 1968 , naho ikibuga cy'indege cya Yurikamome giherereye mu majyaruguru cyatangiye gukora mu mwaka wa 1995 .","Shimbashi Station ni gare ya JR East , Tokyo Metro , Toei Subway , na Yurikamome muri Tokyo .",0.53
Dolly Parton ni we wanditse iyo nkuru.,"Oya, ubu asa na Dolly Parton.",0.38
Hitamo uko wifuza ko urubuga rwawe rw'ishyirahamwe rwerekana uko ibintu byifashe.,Hitamo ipaji y'urupapuro rw'umwimerere rw'urupapuro rw'urupapuro rw'urupapuro rw'Umurongo w'Umurongo.,0.69
"Ibyo byatumye numva nabi ku birebana na Raahosh, kuko Khui we wari umunyabyaha yari afite ibyiyumvo bibi ku bagore!","Ibyo bituma tubona ibintu mu buryo bwiza, haba kuri Liz cyangwa kuri Raahosh.",0.41
"Mbese, wamukomeretsa ijosi n'amaboko yoroheje maze ukamusoma mu gutwi?","Mujye mukorerana, mumukumbire, mumusubize kandi mumubumbatire.",0.88
Ikibazo cy'ukuri ni iki: aho ni ho ubucuruzi bw'amafaranga buri?,Hillary agiye kujya i Baltimore kuba umukinnyi wabo.,0.59
"Helicobacter pylori ni bakteria ifite ubukana bwa Gram-negative , ishobora gutura mu bice bitandukanye by' inda n' imyanya y' imyanya y' imyanya y' imyanya y' imyanya y' imyanya y' imyanya y' imyanya y' imyanya y' imyanya y' imyanya y' imyanya y' imyanya y' imyanya y' imyanya y' imyanya y' imyanya y' imyanya y' imyanya y' imyanya y' imyanya y' imyanya y' imyanya y' imyanya y' imyanya y' imyanya y' imyanya y' imyanya y' imyanya y' imyanya y ' imyanya y ' imyanya y ' imyanya y ' imyanya y ' imyanya y ' imyanya y ' imyanya y ' imyanya y ' imyanya y ' imyanya y ' imyanya y ' imyanya y ' imyanya y ' imyanya y ' imyanya y ' imyanya y ' imyanya y ' imyanya y ' imyanya y ' imyanya y ' imyanya y ' imyanya y ' imyanya y ' imyanya y ' imyanya y ' imyanya y ' imyanya",Helicobacter pylori ni bakteria ifite imiterere y' igitereko cy' igitereko cy' inda cyangwa ikiriho .,0.72
Hari ikindi kintu gishimishije cyane cyavuzwe na Molly Harper.,Iyi ni indi nkuru y'urukundo rw'ibinyoma y'umuriro w'iteka ya Molly Harper.,0.88
Byaba byiza tubyiretse ubu.,Ni byiza ko twabikuramo kuva mu ntangiriro.,0.69
"Nifuzaga kumenya impamvu Shiarra yari arimo arahirikwa muri ibyo, kandi iyo mvo yoroheje yarangiriye akamaro!","Nubwo nifuzaga guhana Shiarra, nkunda abandi bantu, bityo nkaba mbiteguye.",0.41
Reka abandi bakomeze kurira no kurira.,Reka abandi bagire icyo bavuga.,0.84
Ubuzima bw'umuntu ni icyaha gikomeye cyane.,Kutumvira ni icyaha gikomeye umugore akora.,0.28
Nta muntu n'umwe muri icyo cyumba watunguwe n'iryo tangazo.,Nta muntu n'umwe muri icyo cyumba watangajwe n'amagambo ye.,0.78
Butch yabonaga ko kumena umwuka mu maso byamugoye.,Gukura umwuka mu gishushanyo cy'urukozasoni byatangiye kugorana.,0.72
"Ku itariki ya 2 Kanama , inkubi y'umuyaga yateye mu majyaruguru y' iburasirazuba bwa Floride .","Mu ntangiriro z' Ukwakira , inkubi y' umuyaga yateye imyuzure mu majyaruguru y' iburasirazuba bwa Floride .",0.62
@NatureGuy101 @MaryMorientes Inkunga ishyigikiye #HillaryClinton perezida #United States Isi ni icy'umugore ku isi,"Nubwo imibare y'abagize @BernieSanders yaduze cyane, ndacyarizera ko Hillary yatsindiye Dem.",0.56
Umugore arimo aruhuka umwembe.,Umugore arimo agabanya ipome.,0.66
Umujyi wa Clarksdale ni wo ufite icyicaro cyawo .,Umurwa mukuru ni Clarksdale .,0.91
Jya ukora filimi cyangwa umuzika.,Shyiraho umuriro.,0.19
"Mu bijyanye n ' imikorere , amakipe akomeye ni umuziki wa muzika yabyinaga mu buryo bwa kinyamwuga n ' umuziki wabyinaga mu buryo bwafashwe amajwi .",Amateka y'umuziki wo kubyina asa n'amateka y'umuziki .,0.59
"Frank Gardiner , wari umunya-Australia mu kinyejana cya 19 .",Frank Gardiner yari umunyabushinwa w' umunya-Australia uzwi cyane .,0.88
"Reba mu mashoferi maze wuzuze urupapuro rw'isiganwa, wiringiye ko uzatsinda!","Najuje urupapuro rw'ikiganiro cyo mu kinyamakuru, kandi nizeye ko nzatsinda!",0.75
"Rhodes akomeje gutanga ibitekerezo bishishikaje by'abantu, kandi Crystal Storm igaragaza ko hari ikintu gikomeye cyane nshaka gusoma!",Sinshobora gutegereza undi mwaka!!,0.25
"Iki gisasu ni kibi cyane, kandi kirashekeje.",Nkunda kureba icyo gisomwa.,0.31
"Nabonye mu kwezi k'Ukuboza, kandi icyo kiganiro cyari gitangaje!",Ndetse na filimi yari itangaje (abantu ntibari bayireba).,0.56
Ni igice cyo mu majyepfo y'uburengerazuba bw' Inyanja ya Pasifika y' Amajyepfo .,Niue ni igihugu kirimo ibirwa byo mu nyanja ya Pasifika y' Amajyepfo .,0.56
Abakinnyi b'umupira w'amaguru bambaye amakanzu y'umukara bahagaze ku murongo w'izamu.,Umukobwa urimo akina umupira mu kibuga cy'umupira w'amaguru mu gihe hari filime igaragara ku mpera z'inzira.,0.22
"Ibice byari byateye imbere byatsinze ibicikaga ku isoko ry'imari rya New York, byari hagati ya 8 na 5.","Ibiciro byagabanutse byatsinze umubare w'abatanze amafaranga y'ibanze ku isoko ry'imari rya New York, birengaho gato 3 kuri 1.",0.56
Abagore bari ku ifarashi basimbuka irembo.,Umukobwa muto urimo kurira mu isuku.,0.09
Umukobwa uri mu bwato afata ifoto y'amazi akoresheje telefoni ye.,"Muri iyi foto, umugore ari kuri telefoni aseka.",0.38
Kat aririmba nk'umunyamuhana,Intwari z'indirimbo z'indirimbo z'indirimbo z'indirimbo z'indirimbo z'indirimbo z'indirimbo z'indirimbo z'indirimbo z'indirimbo z'indirimbo z'indirimbo z'indirimbo z'indirimbo z'indirimbo z'indirimbo z'indirimbo z'indirimbo z'indirimbo z'indirimbo z'indirimbo z'indirimbo z'indirimbo z'indirimbo z'indirimbo z'indirimbo z'indirimbo z'indirimbo z'indirimbo z'indirimbo z'indirimbo z'indirimbo z'indirimbo z'indirimbo z'indirimbo z'indirimbo z'indirimbo z'indirimbo z'indirimbo z'indirimbo z'indirimbo z'indirimbo z'indirimbo z'indirimbo z'indirimbo z'indirimbo z'indirimbo z'indirimbo z'indirimbo z'indirimbo z'indirimbo z'indirimbo z'indirimbo z'indirimbo z'indirimbo z'indirimbo z'indirimbo z'indirimbo z'indirimbo z'indirimbo z'indirimbo z'indirimbo z'indirimbo,0.38
Abahanzi bane baririmba kandi bakina igikoresho cy'umuzika.,"Abahanzi bane bahagaze, bakina igikoresho cyabo maze bakaririmba mu majwi.",0.69
"Jill asa na Dante, ariko ubu ndamukunda cyane.","Ni igitabo giteye isoni, giteye isoni, kivuga ibya Jill Kismet, umushakashatsi w'ibinyabuzima byo mu rwego rwo hejuru.",0.37
Hari kamera nyinshi z'amashusho zishyizwe imbere y'urukuta rw'ibiti.,Umwana w'umuhungu ugendera ku ndogobe aganira n'undi muhungu uhagaze iruhande rw'urukuta rw'ibiti by'ibiti by'ibiti by'ibiti by'ibiti by'ibiti by'ibiti by'ibiti by'ibiti by'ibiti by'ibiti by'ibiti by'ibiti byera.,0.31
"Bityo rero, abagore babaha amafaranga.",Amafaranga ni yo yonyine ahangayikisha abantu.,0.72
ishuri ry'ubu ntirishobora gusubiza icyo kibazo.,Niba igisubizo kuri icyo kibazo ari yego:,0.28
"Mu mimerere myinshi , ibyo bishoramari bishobora kuba byoroshye ugereranyije n'ibyuma bikoresha ibitwaro bibyabuzima .",Ingufu z'amashanyarazi zishobora kuba zisa n' iz' amashanyarazi aturuka mu bubaka bw' amabuye y'agaciro cyangwa mu bwonko .,0.72
"Nkunda cyane uko Shusterman asobanura iby'ubuzima bw'iteka, n'ukuntu asobanura ibintu byose binyuze ku ntebe z'inzu ya Everlost.",Gusa afite impano itarashyizweho na kamere itangaje.,0.34
Ntibitangaje kuba Edward yarakomeje kubigenza atyo.,Ntibitangaje kuba Edward yarakiriye ibintu nk'ibyo.,0.94
Ni igitabo cyanditswe neza kandi cy'umwijima ku bihereranye n'umukumbi w'ibimasa!,"Nubwo ari ibimasa, intambara zabo zigaragaza intambara zacu mu buryo bwinshi kandi ibyiyumvo byabo ni iby'abantu.",0.44
"Igihe nongeraga kugerageza, nashoboye gukora akazi ko gutukana.","Igihe nasubiraga muri iyo gahunda, nashoboye gukora akazi ko gutukana!",0.97
Iyi nkuru itandukanye cyane n'igitabo cya mbere mu nkuru z'uruhererekane rwa Bitten kuko iyi nkuru idakorwa ku vampire gusa.,"Hari indi moko, urugero nk'abanzi b'ibyaha n'abamaramare, ibaho kandi ikagirana imishyikirano, cyane cyane kugira ngo irinde gusohoka.",0.53
"Ushobora gushakisha ku rubuga rwa ""Youtube""","Jya ku rubuga rwa ""wikipedia.com"" maze ugishakemo uhereye aho.",0.53
umusore ufite imisatsi mito y'umukara akina piyano,Umwana w'umusatsi w'umukara wambaye ikoti y'umuhondo ari gukina piano ihumeka.,0.81
Mutumize iwanyu murebe filimi irimo amashusho y'urukozasoni.,umutumire aze kureba porunogarafiya,0.9
Indege y'ubururu n'ubururu iri mu kirere.,indege y'ubururu n'ubururu mu gihe cyo kuhaguruka.,0.75
"Mu bihugu bivuga icyesipanyoli , buri bwoko n'icyo butunganya bifite amazina menshi atandukanye .","Mu bihugu byinshi byo muri Amerika y' Ilatini bivuga icyesipanyoli , Minisitiri w'Ububanyi n'Amahanga yitwa "" Canciller "" .",0.47
"Reba mu gace k' umudugudu w' amateka ka Shawneetown , muri leta ya Illinois .",Shawneetown ni umujyi wo muri leta ya Illinois muri Leta Zunze Ubumwe za Amerika .,0.66
"Nyamara, iyi ni inkuru ishimishije rwose, igihe cyose witeguye kwemera uburebure bwayo butangaje.",Iyi ni yo nkuru y'ibitabo by'imigani nkunda cyane.,0.5
@kugrl6 urashaka ko abana b'abirabura babarirwa muri za miriyoni batakaza ubuzima bwiza?,@LogicOfLife7 sinumva ko mfite uburenganzira bwo gukoresha umubiri w'undi muntu nta bwemere.,0.25
Igisirikare cyarasenye izuba.,Ku bw'amabwiriza y'Umugaba w'ingabo!,0.22
@HillaryClinton akunda iyi foto nshya y'amabara menshi! #loveit,@HillaryClinton Yego! Ndabishyura 5$ kuko turabyizeye.,0.5
Nk'uko nkeneye kunyura ku bana bataye inda kugira ngo njye muri iyo shyirahamwe.,RT @rxchelredekop: Kwemera gukora imibonano mpuzabitsina si ukwemera gutwita!!!,0.22
Shah ni ijambo ry' igiperesi ryerekeza ku mwami ryashyizwe mu ndimi nyinshi .,Shah ni ijambo ry' igiperesi risobanura umwami cyangwa umutware w' igihugu .,0.7
Ndi Fonald Frump kandi abantu bose batekereza ko uri umusazi.,@sbrenn01 @marklevinshow Ni irihe tandukaniro? Abakomeza kuba ab'amoko.,0.41
Umugabo arimo arambatira umuntu.,Hari umuntu ufata ifoto.,0.28
"Merri Lee yavuze ko ibyo bishatse kuvuga ko abakobwa babikunda, ko nta nyoni nto zibirimo.",Ibyo si byiza kandi byankoze ku mutima cyane.,0.25
"Iyo ugereranyije n'iyo Falconer, numvaga ko iyi ifite imbaraga nke.","Ndakwinginze, komeza kwandika igitabo cya nyuma nibura incuro ebyiri z'icyo gitabo.",0.28
Umwamikazi azita umujyana ukomeye kurusha abandi bose,Queen yita ubwato bunini butwara indege,0.81
Hari umugabo ugeze mu za bukuru wavuye mu iduka afite inzoga zihumuriza.,Abantu bari hanze banywa inzoga kandi baganira mu gihe bari bicaye ku ibaraza ry'inzu y'ubucuruzi.,0.19
Ni kimwe mu bitabo byiza cyane byo mu isi ya Discworld.,Ni kimwe mu bitabo nkunda cyane mu isi ya Discworld.,0.75
"Yagendaga buhoro buhoro, buri kintu cyose yakoraga cyamubabazaga bitewe n'uko yari yarakubiswe.","buhoro buhoro, kuko buri kintu cyose cyamuzaniraga imibabaro, yafataga intambwe yo kujya mbere.",0.69
@realDonaldTrump Nkunda Abanyameksika baza muri Amerika mu buryo bwemewe n'amategeko. #IStandWithTrump,@realDonaldTrump Abafite ibitekerezo by'ibanze n'ibisobanuro kuri tweets bakomeje kwiyongera kuri Trump!,0.56
Ibyo byatumye nkunda Despina cyane kurusha uko nari mbikunda.,"Nkunda Jalal na Despina, ariko nta n'umwe muri bo ufite imico myiza bihagije kugira ngo agire icyo ageraho.",0.41
Umurimo wanjye hano urarangiye.,Ibyo bisa n'ibyo nakoraga kera,0.22
Ni ibimenyetso by'uko umuntu atarakundana.,Ese uwo mugabo aragukunda?,0.47
Kuki bavuga ko abaryamana bahuje igitsina b'aba liberal nka Barbara Streisand?,Kuki abaryamana b'abagabo b'abagabo b'abagabo b'abagabo b'abagabo b'abagabo b'abagabo b'abagabo b'abagabo b'abagabo b'abagabo b'abagabo b'abagabo b'abagabo b'abagabo b'abagabo b'abagabo b'abagabo b'abagabo b'abagabo b'abagabo b'abagabo b'abagabo b'abagabo b'abagabo b'abagabo b'abagabo b'abagabo b'abagabo b'abagabo b'abagabo b'abagabo b'abagabo b'abagabo bakunda cyane barirabana b'abagabo b'abagabo b'abagabo b'abagabo b'abagabo b'abagabo b'abagabo b'abagabo b'abagabo?,0.83
"Mu mpera y'iyo nkuru, nta n'umwe mu bahungu bari barigeze bamusoma, kuko umuryango wabo wari ukomereye nk'uwabo.","Amaherezo, umuhungu wari utuye mu rugo rwari rufite amategeko akomeye nk'ay'umugore we, ntiyabashije no gusomana.",0.56
"Hillary yashyingiranywe na Louise Mary Rose ku itariki ya 3 Nzeri 1953 , nyuma gato y' uko yazamutse Umusozi wa Everest .","Hillary yashyingiranywe na Louise Mary Rose mu mwaka wa 1953 , maze babyarana umuhungu n'abakobwa babiri .",0.81
"Icyo nifuzaga ko kiba gitandukanye n'icya mbere, ni uko nifuzaga kubona Juliette na Warner barushaho kumbera beza.","Ibyo nabonaga mu gitabo ""Mpa umuriro"" hagati ya Juliette na Warner, ni byo nari niteze.",0.62
Portia na Vance bombi ni abantu bakomeye.,Portia na Vance bari mu mishyikirano ikomeye.,0.62
"Ibirunga, ingofero n'amabuye ya iodini byari byitwikiriye nk'inyenyeri.","Aho bari hose, inyenyeri zari zifite imyenda y'ibishushanyo, ibikinisho by'amasinema, ibishushanyo n'ibindi bintu by'agaciro.",0.72
Hari umugore urimo guteka umwambi.,Umuntu arimo asukura disiki.,0.25
"Kuva ubu, ni jye uzakurikirana.","Kuva ubu, ni jye uzakurikirana.",0.75
"Hariho umuntu w'intangarugero watangaga amatike y'amafaranga menshi, akenshi akaba yarasigaga amafaranga ari hagati ya 5 na 10.","Amafaranga y'ibiti agera kuri 5 cyangwa 10, ariko niba ushaka gukora ibyo ushoboye byose, jya ugura mbere y'igihe.",0.19
Nahisemo gushakisha mu karere kacu no ku rubuga ariko naje kubona zip,Nakoze ubushakashatsi ku rubuga ariko nta cyo nabonye.,0.78
"Hari byinshi byo gukorwa kugira ngo iki gihugu kibe gikomeye, gifite imbaraga kandi kibe gikomeye. #TrumpCarson2016",@realDonaldTrump Hari abantu bifuza kuba perezida gusa abandi bifuza kongera gutuma Amerika iba nziza!,0.56
Umukozi w'ubwubatsi wambaye ikanzu y'umweru agenda.,Abakozi benshi bakora mu mirimo y'ubwubatsi bareba ahantu hatera abantu gutembera,0.5
"Mbere y'uko mugira icyo muvuga ku gitabo, nahawe kopi yo gusuzuma mu rwego rwo gusuzuma mu buryo bwuzuye.","Umwanditsi ni we wanyohereje iki gitabo kugira ngo kimpe igisubizo cyuje ukuri, mbese urakoze cyane, Stormy!",0.81
Amerika ishaka guhumuriza ibihugu by'ibihugu by'Ibigo by'Inyanja ya Golfe ku masezerano ya Iran,Hagel ashaka guhumuriza ibihugu by'ibihugu by'Inyanja ya Golfi bitinya amasezerano ya Iran,0.75
"Niba wifuza ibindi bisobanuro, reba Amabwiriza agenga abasaba ubufasha.",ibindi bisobanuro birambuye birimo inama ku mushakisha.,0.88
"Igihe isaha igenda iraka, ibyo bikaba bigaragaza ko isi irangiye, Ophelia ahanganye n'ubwoba afite maze akomeza urugendo kugira ngo asohoze umurimo we.","Ndibaza niba abantu bari aho bari gusobanukirwa ibintu vuba nk'uko nanjye nabigenje, cyangwa se bagahita bagenda buhoro nk'uko Ophelia yabigenje...",0.56
"@realDonaldTrump ntacyo bitwaye, mu kwezi k'Ugushyingo 2016 uzagira amajwi yanjye.",@realDonaldTrump Dushaka Trump! Dushaka Trump! Dushaka Trump!!! #MakeAmericaGreatAgain,0.72
Umugabo ufite itabi aganira n'umugore ufite itabi.,Abantu bakuru babiri barimo bavugana nyuma y'amasomo.,0.28
@HillaryClinton azagaragara nk'umukandida wa Demokarasi.,#KCA #VoteJKT48ID RfWheels3015: davidjones720 rratkinson nibyo rwose ndashaka kuvuga iki ku isi #ArabDonorGroup ?? #HillaryEmails #D...,0.22
Ntekereza ko ugomba gutegereza kugeza igihe uzaba ugeze mu za bukuru bihagije kugira ngo ushobore guhangana n'iki kibazo.,"Niba udashobora kubyihanganira, ujye utegereza kugeza igihe uzaba ugeze mu za bukuru.",0.91
Abagore babiri bari mu myambarire y'umwana.,Abagore babiri baseka bafata umwana.,0.94
Umukobwa muto ashyira confetti ku musatsi w'umugore useka.,Umugabo arimo ashyira tattoo ku mugongo w'undi muntu.,0.19
"Abantu bashobora gukora imibonano mpuzabitsina mu kanwa mbere yo gukora imibonano mpuzabitsina , cyangwa mu gihe cyo gukora imibonano mpuzabitsina cyangwa nyuma yayo .","Hari igihe abantu bakora imibonano mpuzabitsina mu kanwa kugira ngo bitegure imibonano mpuzabitsina , ariko bishobora no kuba ari ikindi kintu cy'ingenzi .",0.88
Abantu bari mu mikino yo kwiruka bagerageza guhosha ikimasa.,"Umuntu ugendera ku igare ry'abantu benshi, aba ari mu kaga nk'uko inka iba iriko irasa.",0.56
Nta buryo bwo gushishikariza abantu kugura iki gitabo keretse babonye filime.,"Ibyo byatumaga nkomeza guhinda umushyitsi, ariko nkongera gusubira mu buriri bwanjye, nkajya nsoma icyo gitabo!",0.34
Ndi Inyanja n'Inzundura,hari inyenzi mu cyumba cyanjye,0.28
"Muri iyi, Dragon Spear, nkunda ukuntu Creel yifuza cyane kwambara ikanzu nziza cyane.",Dragon Spear ni yo ya nyuma muri iyi myitozo.,0.38
@realDonaldTrump komerezaho Bwana Trump-iyo Demokarasi na Repub yateye-muzi ko ibyo mukora ari byiza! #MakeAmericaGreatAgain,"@realDonaldTrump avuga ibyo benshi batekereza, ugomba kumushimira #Trump4POTUS",0.56
Ndumva buri kintu cyose kiba gifite igihe cyacyo cya mbere.,Ntekereza ko ari ubwa mbere.,0.62
Umugabo arimo aruhuka pizzè ebyiri.,Umugore arimo aruhira umugabo.,0.34
Umugabo ufite ibishashi by'amabuye y'agaciro arimo ahingura umugozi.,Ibitwa by'umuntu biguma mu mazuru.,0.06
"Aganira na Claire, akamwereka uko akora, akagenda agendera nk'imbwa.","Narakunze iyo mbwa, mbikesha Madamu Marlo.",0.23
Jen na Jacques bafite ibikomere bikabije kandi ntibazongera gukanguka.,Nkunda ibyo Jacque na Fane bari bafite hano.,0.22
RT @alvedaking: Ikintu kidutangaza cyane kuri iyi si ni ugutemba kw'imihanda yacu amaraso y'abana bo mu isi yishimye...,"Gushyiraho amategeko yo kwandika ubutumwa kuri Twitter aho kubushyiraho, birimo guhaririza umwana utararera inda. #worstargumentever #lolanti",0.34
Hermeskeil ni wo murwa mukuru w' Umuryango wa Verbandsgemeinde Hermeskeil .,Hermeskeil ni umugi wo mu karere ka Rhineland-Palatinate mu Budage .,0.59
"Abagore b'Abahinde bambaye amasari y'amabara menshi, bavuga kandi bakareba ibintu mu gihe umwana yicaye iruhande rwabo.",Umugabo ufite itabi mu kanwa yaguye hejuru avugana n'umugore w'umusaza wambaye ikanzu y'umuco w'indashyikirwa.,0.12
Uburyo bwiza bwo kubikora ni ugusanga mu maso.,Nta gushidikanya ko bigomba kuba ari ibintu bihuza abantu.,0.78
Abantu benshi bapfuye mu mpanuka y'umuhanda wo mu Buyapani,Benshi bishwe mu gitero cyagabwe n'indege muri Siriya,0.53
"#Hillary, dore Umukristo umwe ufite imyizerere y'idini itazigera ""yihuza"" no gukuramo inda.",Niba #BlackLivesMatter kuki abana b'abirabura mu nda badafite ubuzima bwabo?,0.34
"Niba ukunda ibitabo by'abantu bakuru b'abakiri bato, iyi ni yo ngingo nziza cyane.","Ndagira inama y'uko wakoresha iki gitabo, cyane cyane iyo wakundaga filimi nka ""The Craft"".",0.66
"Hari ibintu byinshi ""byiza"" by'ibitabo by'ibitabo bine bishize.","Nyuma y'ibitabo 4 bya Briec & Talaith bivuga iby'imivurungano, biragenda birushaho kugora.",0.47
"Urupfu ni ukurangiza ubuzima mu kintu kizima , cyangwa uko icyo kintu gihagaze nyuma y' icyo kintu .","Mu buryo bworoshye , ijambo "" nicée "" ryumvikanisha uburyo umuntu abona ubuzima .",0.59
"Nanone kandi , bagiye batsinda ibikombe bibiri bya Kigiriki , kandi bakina ibindi bibiri bya nyuma .","Yatsinze ibikombe bitatu byose hamwe , igikombe kimwe cy' u Bugiriki n' ibikombe bibiri by ' u Bugiriki .",0.44
"Nanone numvaga ko abantu baremwe neza, kandi umubano uri hagati ya Yara na Brent uratanga icyizere kandi uratanga icyizere... uratangaje kandi uratangaje.",Yara ni umuntu mwiza cyane ushobora guhura na we.,0.6
Umunyeshuri w'umunyamuyoboro arimo akora imyitozo yo mu mugongo mu isuku.,umuntu ukora igikomere cyo mu mugongo mu isuku,0.91
"Ahubwo, iyi ni isi aho impyisi zatumye abantu bagira imibereho myiza, kandi zateye intambwe mu by'inganda no mu by'amashuri.","Imbeba zigomba kurwanya umwijima, maze intwari z'aba kera zigatera intambwe zo kongera kurwanya ikibi.",0.33
umuntu ukora siporo y'amabuye y'amaguru asimbuka urwego.,Umukobwa muto urimo kurira mu isuku.,0.22
"Kugeza ubu, amashusho 96 y'amafaranga y'ishimwe ya Hillary yabonetse muri Greenville, SC! #FellowsSC","@politico @anniekarni ""@HillaryClinton ntashobora no kuyobora @billclinton & yifuza kuba @POTUS"" #WakeUpAmerica #StopHillary2016",0.25
Abagore bashobora no gukenera inkunga ikomeye y'inzego zitandukanye kugira ngo babone uburyo bwo kubona ikoranabuhanga rishya.,mu rwego rwo gufasha abagore kubona ikoranabuhanga rishya rimwe na rimwe bisaba inkunga ikomeye ku nzego zitandukanye za leta n'ubuyobozi.,0.78
"ahantu runaka mu ruhande rw'inzu, araryama.",Ishyamba rya Fangorn riri ku rugi rwacu.,0.27
"Ese imiryango y'abami yo hanze y'icyo kigo, izi neza uko ibintu byifashe?","Iyo umuntu wo mu muryango w'umwami avumbuwe ko afite ubupfumu, uwo muntu yoherezwa muri Lackland Abbey kugira ngo akire.",0.5
Dore urutonde rw'ibyo nkunda cyane.,Ni kimwe mu bintu nkunda cyane muri iki gihe.,0.53
"Umugore uhagaze imbere y'indorerwamo, incuti ye ikomeje kumushinga umufuka.",Hari umukobwa uhagaze mu cyuma cy'amabara y'umweru.,0.25
"#HillaryClinton rero...ni nde ""Santa""? #LibHack #Pay2Play #Corruptocrat #tcot #Benghazi #VinceFoster #Monica","@akawhit1 Igihe kirageze cyo kuva mu gatsiko k'abicanyi @FoxNews MUHUNGUYE mu mupira wawe Ni umunyacyaha wa Sodomu, Obama, umusazi #WakeUpAmerica",0.41
Azi icyamubera cyiza cyane mu buzima bwe no mu mubiri we,Jya usaba ko Sena yemera ko hakorwa itegeko ribuza gukuramo inda mu gihe cy'imyaka myinshi.,0.28
Ariko si jye ubikora,"Oya, ni abo bafite amaso atatu gusa.",0.16
Athabasca yari gukanguka ava mu buriri bwe.,Birashoboka ko ari bo bakuriye Athabase mu buriri.,0.81
Enid Blyton yari umwanditsi w' inkuru ngufi .,Ibitabo: Enid Blyton: igitabo cy' ibyabaye mu mibereho .,0.53
Xemerius: Umuntu umwe rukumbi mu gitabo cyose watumye igitabo gisurwa cyane... ni we wari ufite umutima w'ubwenge utangaje.,"Hari igihe inkuru y'abakiri bato n'iy'abakurambere baba bafite ibitekerezo byinshi, ibindi byose biba bikomeye ku buryo bitagira icyo bitwaye.",0.47
Inyoni zibonera ubundi buryo bwo gutunga mugenzi wazo .,Ibyo bituma inyoni nyinshi zidakora neza .,0.47
Www.imdb.com ni ahantu heza cyane ho kwemeza ayo makuru.,"Niba ushaka ibindi bisobanuro kuri Robyn Rihanna Fenty, jya kuri www.imdb.com.",0.66
@tooprettyclub Ese wumva utishimiye ko abagabo bo muri #GOP bakubwira ibyo ushobora gukora n'ibyo udashobora gukora ku mubiri wawe?,"@LifeMattersJrnl Ubundi se, ni uruhe ruhare ufite mu gukoresha uburenganzira bwawe bwo gutanga uruhushya?",0.41
"Mfite ibitekerezo bimwe, ariko se bimwe muri byo ni ibihe?","Idk... mfite igitekerezo rusange, nifuza gusa kumenya ibyo muzi",0.75
Iyo pistole... ...irategetswe abantu bo mu ngabo.,Imbunda... ikoreshwa n'abasirikare gusa.,0.78
Naramukunze cyane kandi nifuza cyane kumenya byinshi kuri we mu gitabo gikurikira.,Icyo gitabo nabonye ko kubisenya bigoye.,0.47
"Igitabo cya kabiri mu nkuru za Sookie Stackhouse, ""Igitabo cyitwa ""Living Dead in Dallas"" ni igitabo cyiza cyane!","Narangije kwandika igitabo cya kabiri cya Sookie Stackhouse, Living Dead in Dallas cyanditswe na Charlaine Harris uyu munsi nyuma ya saa sita.",0.84
biragoye kumenya bitewe n'ibyangiritse byatewe n'icyo gitero.,Iryo terambere ntiryari ryaragize ingaruka mbi cyane.),0.5
Ibara ryayo rigaragaza ko ayo mazi ari umunyu .,"Ibyo byose ni kimwe , keretse ibara ry'imbuto .",0.28
Birantinya ko hakiri amabaruwa ibihumbi n'ibihumbi atarakurwa mu mabaruwa ya Hillary.,Indi nshuti ya Hillary yiyemeje kujya mu nama y'amatora muri iki gihe!,0.31
Hari umucuruzi wagendaga mu muhanda w'umugi.,Umuntu w'umwuga akora cyane.,0.47
"Inkuru za Argeneau na Rogue Hunter, kuva ku z'inkoramutima zanjye kugeza ku z'inkoramutima zanjye nke: 1.","Sinigeze ndambirwa gusoma inkuru za Argeneau, kuko buri gitabo cyanditswe neza, kirimo ibintu bishya kandi by'ubuhanga.",0.5
Umugore: Ese wakoresha imwe imeze nk'iyacu?,Ni umugabo n'umugore.,0.22
Umukobwa ukiri muto uri mu kibuga cy'imikino arimo afata umugozi ku modoka y'amabara y'umuco.,Hari umuntu uri mu murima munini arimo afata umugozi umenetse ku mupfunda w'umwuka wera.,0.53
"Mu mwaka wa 2000 , mu karere ka Adams hari abaturage 18.643 .",Adams yatsindiye ibihembo 18 mu byo yagezeho .,0.22
"Lenny yacitse intege mu gihe cy' inyanja ya Atalantika y' uburasirazuba hashize iminsi ibiri , maze ahita ahita ahita ahita ahita ahita ahita ahita ahita ahita ahita ahita ahita ahita ahita ahita ahita ahita ahita ahita ahita ahita ahita ahita ahita ahita ahita ahita ahita ahita ahita ahita ahita ahita ahita ahita ahita ahita ahita ahita ahita ahita ahita ahita ahita ahita ahita ahita ahita ahita ahita ahita ahita ahita ahita ahita ahita ahita ahita ahita ahita ku itariki ya 23 Ugushyingo .","Umuyaga mwinshi watumye inkubi y'umuyaga idakomeza kuba mbi , maze Debby ahita ahita ahita ahita ahita ahita ahita ahita ahita ahita ahita ahita ahita ahita ahita ahita ahita ahita ahita ahita ahita ahita ahita ahita ahita ahita ahita ahita ahita ahita ahita ahita ahita ahita ahita ahita ahita ahita ahita ahita ahita ahita ahita ahita ahita ahita ahita ahita ahita ahita ahita ahita ahita ahita ahita ahita ahita ahita ahita ahita ahita ahita ahita ahita ahita ahita ahita ahita ahita ahita ahita ahita ahita ahita ahita ahita ahita ahita ahita ahita ahita ahita ahita ahita ahita ahita ahita ahita ahita ahita ahita ahita ahita ahita ahita ahita ahita ahita ahita ahita ahita ahita ahita ahita ahita ahita ahita ahita ahita ahita ahita ahita ahita ahita ahita ahita ahita",0.69
Ariko nzasoma ibitabo bikurikiraho.,"Uko byagenda kose, nzasoma igice gisigaye cy'iyo nkuru.",0.69
"Kuva mu majyaruguru kugera mu majyepfo , icyo kibaya kigera ku birometero 160 .",Izo modoka zifite umuvuduko w'ubucuruzi w' kilometero 160 ku isaha .,0.44
"@BillKristol GOP, Dems & Media bose batinya Trump.","Nyuma ya buri kiganiro na @realDonaldTrump nkareba, ndushaho kugira amatsiko yo kubona uko iyi gihugu kizaba kigira icyubahiro mu kwezi k'Ugushyingo 2016.",0.53
Ibyinshi mu byo navuze ni ibitekerezo by'ingenzi gusa.,"Oya, ahubwo uwo mugore w'intwari yanga nyina w'imfura.",0.09
"Satani azaguciraho uburyo bushya bwo kubaho buri gihe, lol.","Satani azaguciraho uburyo bushya bwo kubaho, buri gihe.",0.88
"Ned Vizzini atunganya inkuru nziza kandi itangaje, ishingiye ku bantu b'ukuri, bemerwa kandi bishimishije.",Ndashimira cyane Ned ku bw'ikigo cya ARC!,0.38
Urukiko rw'Ubutabera rwanze ko hakorwa ikirego cy'ibyangiritse bitewe n'uko habayeho kurenga ku mategeko ahana iby'ubucuruzi.,"Umunyamabanga wa Mbere (amategeko y'Ubumwe bw'u Burayi, Urukiko rw'Ubutabera, isoko ryinjira mu gihugu, isiganwa ry'amaguru)",0.37
Raporo y'Ikigo cy'Igihugu gishinzwe Ubushakashatsi ku Itegeko Nshinga yavuze ko hari ibihugu 27 by'ibanze byateye ubwoba umutekano w'igihugu cy'u Bwongereza kuko bishobora guha imitwe y'iterabwoba.,Raporo ivuga ko hari ibihugu 27 by'ibanze byateye ubwoba umutekano w'igihugu cy'u Bwongereza kuko bishobora guha imitwe y'iterabwoba.,0.75
@tooprettyclub Ese wumva utishimiye ko abagabo bo muri #GOP bakubwira ibyo ushobora gukora n'ibyo udashobora gukora ku mubiri wawe?,"Niba urusoro rutari muri wowe, gira icyo uvuga",0.43
Gusa ibyo ubona mu maso ye ni uko ari umuntu mwiza kandi ko nawe umwifuza!,Gusa iyo umureba umenya ko ari mwiza kandi ko umukeneye!!!!,0.91
"Mbese, wamukomeretsa ijosi n'amaboko yoroheje maze ukamusoma mu gutwi?","Mujye mukomeza gufatana ukuboko, mushyire hamwe, mushyire hamwe, maze muzabeho.",0.62
"Muri rusange, numvaga ari inkuru y'ibyishimo.","Iyi nkuru ikurikirana abantu bane bakomeye, abakobwa babiri n'abahungu babiri, buri wese akaba yakundanye n'undi muntu mu itsinda.",0.44
Amaraso yari acumbitse mu masenga ya Sharon igihe yahumekaga kandi akihumeka.,"Sharon yarashuhije kandi ararira, amaraso ari mu kanwa ke.",0.81
@AzzarelliJim Si byiza cyane ku bagore wifuza guhatira kubyara ku ngufu. #rapeculture,"@mrprolife Ibibazo by'uburwayi bibaho mu buryo bwose bwo kwivuza, ariko ntibivuze ko iyo nzira ubwayo igomba gucibwa. #DealWithIt",0.41
"Nanone kandi , hari ikiganiro cya radiyo cyavugwaga ku izina rya The Way of the Master Radio , cyatumiwemo n' umukozi wo gutangiza ibiganiro witwa Todd Friel .","Ni we ukorera ikiganiro cya Sean Hannity Show , ikiganiro cy' radiyo cyamamazwa ku rwego rw' igihugu cyose , cyakwirakwizwa muri Leta Zunze Ubumwe za Amerika ku mbuga za radiyo za Premiere .",0.5
Hari umugabo uri hejuru y'inzu y'ibiro by'ibiro by'ibiro by'ibiro by'ibiro by'ibiro by'ibiro by'ibiro by'ibiro by'ibiro by'ibiro by'ibiro by'ibiro by'ibiro by'ibiro by'ibiro by'ibiro by'ibiro by'ibiro by'ibiro by'ibiro by'ibiro by'ibiro by'ibiro by'ibiro by'ibiro by'ibiro by'ibiro by'ibiro by'ibiro by'ibiro by'ibiro by'ibiro by'ibiro by'ibiro by'ibiro by'ibiro by'ibiro by'ibiro by'ibiro by'ibiro by'ibiro by'ibiro by'ibiro by'ibiro by'ibiro by'ibiro by'ibiro by'ibiro by'ibiro by'ibiro by'ibiro by'ibiro by'ibiro by'ibiro by'ibiro by'ibiro by'ibiro by'ibiro by'ibiro by'ibiro by'ib,Imirimo yo kubaka ikorerwa mu gace k'ubucuruzi.,0.47
Abakiri bato b'abamurika amashusho y'amareresi bagaragaza ko bagira ubushishozi.,itsinda ry'abana bafashe imyanya y'imbere bafite impapuro zabo z'ibyangombwa.,0.44
Imyenda mito ifite akamaro cyane kuko mu myaka ishize hari ikibazo cy' icyuho cy' ibipimo bya silikiyo .,"Ibyo byatumye abapapa baherutse kugaragariza Kiliziya akamaro k'Ikilatini , cyane cyane ku bantu biga mu rwego rw'idini .",0.06
"YEEEEEEEEEEEEEEEEEEEEEEEEEEEEEEEEEEEEEEEEEEEEEEEEEEeeeeee lalalalalalallalal~ Mbabarira, ndumva mfite imbaraga nyinshi ubu...Mjau~ *_____* (Twakunze urukundo rwari rutarenze urukundo.","Nanone kandi, muri ibyo bintu ntihariho gusa imfuruka y'urukundo, ahubwo hari n'imfuruka y'urukundo.",0.28
"@SuePalmers @LSDsr Ntacyo bintwaye. Si jye uhitamo, kandi si wowe uhitamo, guhitamo icyo undi mugore azahitamo. #feminism",@davebachman34 @Clifford1462 @msnbc muzi ikigabanya cyane ibyo gukuramo inda?,0.5
Ndizera ko @HillaryClinton azatsinda muri 2016.,@chicagotribune #ayyylmao #demokarasi n'abandi #liberal barabyumva ko nta muntu wifuza #HillaryClinton ari #Obamanation 2.0?,0.34
"Kuri jye, Pinoy Big Brother ni imwe mu myitozo myiza yo kuri televiziyo.=)",Ikiganiro cya televiziyo gikunzwe cyane ni kimwe mu byo nkunda cyane.,0.75
Izina rye ni Rio kandi aririmba mu gihugu cya Sanaaaand!!!,@gerfingerpoken Kuki uyu mugore ameze nka teflon? yakoze ibyaha byinshi cyane agomba kurinda 2 ku rukuta!,0.12
[_ IsDlgTextStyle] Gushyiraho sisitemu yo gushyiraho [ProductName] kugirango ushyireho [ProductName].,"Kugira ngo Windows XP ishyirwe kuri iyi porogaramu, ugomba kuyishyiraho uburyo bushya.",0.41
"Ibikoresho by'ubucuruzi byongereweho 0,39%","Ibikoresho by'ubucuruzi byongereweho 2,47%",0.88
Umugabo wambaye inkofero y'umuhondo atwaye moto mu kibuga cy'ibisasu.,"Umupira w'amaguru wambaye imyenda y'umukara n'umuhondo, yirinze umusozi ku igare rye ry'ibitaka.",0.59
Umutware w'inka muri leta ya Texas yajugunywe mu rwobo rw'inka,"Umuntu ugendera ku igare ry'abantu benshi, aba ari mu kaga nk'uko inka iba iriko irasa.",0.75
Mbabarira ubushinjacyaha n'urukiko.,Mbabarira ku bihereranye n'urwo rubanza n'urubanza.,0.69
"Uwo mubumbe yica mugenzi we w'umunyamuzikazi, amwereka impamvu.","Umunyamahanga w'Umurenga ni igitabo cya kabiri mu gitabo cyitwa ""Ice Planet Barbarians"" cyanditswe na Ruby Dixon.",0.38
Sinigeze ndonka ibintu nk'ibyo.,Mbese ibyo bintu byose biri mu gikapu?,0.25
Abana bambaye imyenda y'ubururu bakora amasomo yo mu rugo bakikije ameza manini.,Abana icyenda bicaye ku meza bakora amasomo.,0.66
"Nanone muri icyo gihe , akarere ka Mid Sussex kari katurutse mu burasirazuba bwa Sussex .","Mu mwaka wa 1974 , intara ya kera ya Sussex yagabanyijwemo ibice bibiri , East Sussex na West Sussex .",0.78
Umugi wa Rio Grande do Norte ugendera ku mugabane w' Uturere .,"Ku itariki ya 10 Nzeri , inkubi y'umuyaga yateye mu ruzi rwa Rio Grande .",0.41
Igihe nategekaga mama ngo agufashe.,Nyoko yatangiye kumfasha.,0.59
Rurik yababajwe n'impanuka y'igihe yari akiri umudereva w'ingabo z'indege.,"Rurik agezeyo, atangazwa no kubona Tasya, umugore yari yarigeze gusabana na we.",0.44
Naguib Mahfouz yari umwanditsi w' umunya Misiri wahawe igihembo cy' igihembo cy ' igihembo cy ' igihembo cy ' igihembo cy ' igihembo cy ' igihembo cy ' igihembo cy ' igihembo cy ' igihembo cy ' igihembo cy ' igihembo cy ' igihembo cy ' igihembo cy ' igihembo cy ' igihembo cy ' igihembo cy ' igihembo cy ' igihembo cy ' igihembo cy ' igihembo cy ' igihembo cy ' igihembo cy ' igihembo cy ' igihembo cy ' igihembo cy ' igihembo cy ' igihembo cy ' igihembo cy ' igihembo cy ' igihembo cy ' igihembo cy ' igihembo cy ' igihembo cy ' igihembo cy ' igihembo cy ' igihembo cy ' igihembo cy ' igihembo cy ' igihembo cy ' igihembo cy ' igihembo cy ' igihembo cy ' igihembo cy ' igihembo cy ' igihembo cy ' igihembo cy ' igihembo cy ' igihembo cy ' igihembo cy ' igihembo cy ' igihembo cy ' igihembo cy ' igihembo cy ' igihembo cy ' igihembo cy ' igihembo cy ' igihembo cy ' igihembo cy ' igihembo,"Igihe yapfaga , ni we mwanditsi w' icyarabu wenyine wahawe igihembo cy ' igihembo cy ' igihembo cy ' igihembo cy ' igihembo cy ' igihembo cy ' igihembo cy ' igihembo cy ' igihembo cy ' igihembo cy ' igihembo cy ' igihembo cy ' igihembo cy ' igihembo cy ' igihembo cy ' igihembo cy ' igihembo cy ' igihembo cy ' igihembo cy ' igihembo cy ' igihembo cy ' igihembo cy ' igihembo cy ' igihembo cy ' igihembo cy ' igihembo cy ' igihembo cy ' igihembo cy ' igihembo cy ' igihembo cy ' igihembo cy ' igihembo cy ' igihembo cy ' igihembo cy ' igihembo cy ' igihembo cy ' igihembo cy ' igihembo cy ' igihembo cy ' igihembo cy ' igihembo cy ' igihembo cy ' igihembo cy ' igihembo cy ' igihembo cy ' igihembo cy ' igihembo cy ' igihembo cy ' igihembo cy ' igihembo cy ' igihembo cy ' igihembo cy ' igihembo cy ' igihembo cy ' igihembo cy ' igihembo cy ' igihembo cy ' igihembo cy ' igihembo cy ' igihembo",0.53
Veronica Roth yarayumvise.,Veronica Roth ni we watangije ikiganiro cy'inkuru ngufi cya Shards & Ashes.,0.62
Bombi basa n'ababyeyi babo.,Ntekereza ko se yamwishe.,0.12
"Amazina y' aho hantu cyangwa ayo mu murongo agaragara mu nyuguti ziboneka , arimo kubakwa .",Abagize Inteko Ishinga Amategeko ya Premier League bagaragajwe mu nyuguti ziberamye .,0.31
Jane Yolen na Yolen bafashe batatu muri iyi ndirimbo?,"Umunyamuryango wa Rayon Sports, Jane Yolen,",0.72
"Ni koko, Blossom the Happy Monster yaje kugaruka nk'uko yari yarabisezeranyije, ariko mu mapaji make ya nyuma gusa, kandi ni nk'aho yari amaze gutekereza.","Jyewe nabonye ko imperuka itagarutsweho gusa n'umwimerere, ahubwo ko yahanuwe n'ibiri ku ipaji ya mbere.",0.44
"RT @bdckool: .@realDonaldTrump Niba ushobora gukorera Amerika ibyo wakoreye ubucuruzi bwawe, uzamenye ko nzaguhitamo.",Utekereza ko ushobora kuvuga ikintu cyose nta ngaruka?,0.12
Umurwa mukuru w' akarere ni Gao .,Akarere ka Gao kari mu burasirazuba bwa Mali .,0.5
Ese igihe wavaga mu ijuru byarakubise?,Igihe wabaga wavuye mu ijuru cyangwa se ni iki?,0.81
@WhiteHouse @BarackObama @HillaryforIA @BarackObama Isi yose iri kubashyigikira.,@NatureGuy101 @MaryMorientes Inkunga ishyigikiye #HillaryClinton perezida #United States Isi ni icy'umugore ku isi,0.38
Umugabo wambaye ikoti n'amahuzu y'imbere y'imyenda afata ifoto y'umuntu wo mu kirere mu mujyi.,Umugabo wambaye ikoti y'imbeho ari gufata ifoto.,0.53
Hey Megan - umutima w'umwana utangira kumeneka ku minsi 21 nyuma yo gutwita. Nta gihe cyiza cyo kurangiza ubuzima bwe!! #kellyfile,@AzzarelliJim Si byiza cyane ku bagore wifuza guhatira kubyara ku ngufu. #rapeculture,0.41
"Niba ubyanganyije mu buryo ntari niteguye, nzakwica.",RT @rxchelredekop: Kwemera gukora imibonano mpuzabitsina si ukwemera gutwita!!!,0.44
"Icyo gihe , Oakland yasaga n'aho ari ahantu hatari hazwi ho gukinira ikipe y' umupira w'amaguru .",Oakland ntiyari afite ikipe y' umupira w'amaguru y' umwuga .,0.91
Hari umugabo urimo asimbuka ava mu gikoni cyo hejuru mu rugo rwe.,"Umuntu ukora siporo y'amabarabara atemba mu kirere, aguruka mu misozi.",0.3
Iyo nyanja ihuza Inyanja ya Tasmani mu burengerazuba n'Inyanja ya Pasifika y' Iburengerazuba .,"Yagiye iburengerazuba yambuka Inyanja ya Atalantika , yambuka Amerika yo Hagati , ajya muri Pasifika ku itariki ya 28 .",0.28
Umukobwa wambaye bikini aryamye ku nkombe,Umugore wambaye bikini akurura imbwa ku kiyo ku nkombe.,0.62
Nathaniel Hawthorne yari umwanditsi w' umwanditsi w' umwanditsi w' umwanditsi w' umwanditsi w' umwanditsi w' umwanditsi w' umwanditsi w' umwanditsi w' umwanditsi w' umwanditsi w' umwanditsi w' umwanditsi w' umwanditsi w' umwanditsi w' umwanditsi w' umwanditsi w' umwanditsi w' umwanditsi w' umwanditsi w' umwanditsi w' umwanditsi w' umwanditsi w' umwanditsi w' umwanditsi w' umwanditsi w' umwanditsi w' umwanditsi w' umwanditsi w' umwanditsi w' umwanditsi w' umwanditsi w' umwanditsi w' umwanditsi w' umwanditsi w' umwanditsi w' umwanditsi w' umwanditsi w' umwanditsi w' umwanditsi w' umwanditsi w' umwanditsi w' umwanditsi w' umwanditsi w ' umwanditsi w ' umwanditsi w ' umenyamerika .,Maria Edgeworth yari umwanditsi w' umwanditsi w' umwanditsi w' umwanditsi w' umwanditsi w' umwanditsi w ' umwanditsi w ' umwanditsi w ' umwanditsi w ' umwanditsi w ' umwanditsi w ' umwanditsi w ' umwanditsi w ' umwanditsi w ' umwanditsi w ' umwanditsi w ' umwanditsi w ' umwanditsi w ' umwanditsi w ' umwanditsi w ' umwanditsi w ' umwanditsi w ' umwanditsi w ' umwanditsi w ' umwanditsi w ' umwanditsi w ' umwanditsi w ' umwanditsi w ' umwanditsi w ' umwanditsi w ' umwanditsi w ' umwanditsi w ' umwanditsi w ' umwanditsi w ' umwanditsi w ' umwanditsi w ' umwanditsi w ' umwanditsi w ' umwanditsi w ' umwanditsi w ' umwanditsi w ' umwanditsi w ' umwongereza n ' umwanditsi w ' umwanditsi w ' umwanditsi w ' umwanditsi w ' umwanditsi w ' umwanditsi w ' umwanditsi w ' umwanditsi w ' umwanditsi w ' umwongereza w ' u Bwongereza n ' u Bwongereza n ' u Bwongereza n ' u Bwongereza .,0.34
Donadel ni umutoza w' umunya-Milan .,Marco Donadel ni umukinnyi w' umupira w'amaguru w' Umunyaitaliyani .,0.78
Ni ahantu hatuje cyane ku buryo kumva bibabaza.,Uzaba wumva utekanye cyane mu gihe amatwi yawe azaba ababajwe.,0.5
"Kubera ko nasomaga, nagiye mbisoma, ariko kubera ko Kyle yari umuntu mwiza, ntibyigeze bimworohera.","Igihe Kyle yari amaze gusura Umugi wa Antwerp, yari amaze kwisiga mu nzu ye yo mu gace ka West Hampstead, ubwoba bw'abagize umuryango wa Old Friends bwari bwaramaze kumenyekana!",0.47
"Lila ni umukinnyi w'umukara uzatsinda iri rushanwa, ariko akora neza cyane, kandi ni we ugomba gutsindwa.",Lila akomeza gukura ari umuntu mwiza ndetse akaba n'umwe mu bagize umuryango wa Sinclair.,0.38
"Uwo mwana yari afite ibibazo bikomeye, kandi uwo mugore ntiyashoboraga gutwita.","Uwo mugore yabyaye umwana w'umuhungu, kandi ntiyashoboraga gukomeza kwihangana.",0.66
Ese itangazamakuru ry'ibumoso rigerageza gucecekesha @realDonaldTrump? HAHAHA Komeza kugerageza! Trump si umunyapolitiki w'umwuga kandi ntawe uzamugurisha!,@TPM @realDonaldTrump ibi nibyo biba iyo uvuze cyane.,0.31
"* 4.5 stars* Niba uri umufana ukomeye wa Despina na Jalal, ubwo iyi ni inkuru nziza yo gusoma.","Whoa, njyewe mpereza Despina na Jalal cyane, bararyoshye cyane <3",0.53
Umwuzure wa 7 w' inkuba wabaye ku itariki ya 7 Nzeri .,Umwuzure wo mu nyanja ya 14 wabaye nyuma y' inkuba yo ku itariki ya 14 Ukwakira .,0.66
Umugabo wambaye inyenyeri z'izuba zijimye n'umukandara yicaye iruhande rw'umugore ufite umukandara w'umukara.,Umugore wambaye inyenyeri z'izuba zifite umwijima afashe saxofone.,0.47
Imbwa igerageza gufata ipine rinini ikoresheje akanwa kayo.,Imbwa y'ibara ry'umuhondo igerageza gufata imbwa y'umushishe mu kanwa kayo.,0.72
Flory ni umukobwa w'igihangange.,"Umwigeme witwa Flory, arimo arakura, amenya byinshi kuri we n'isi ye, kandi arabyishimira cyane.",0.62
Iryo tandukaniro ry'amagambo ntirishobora gusa gutuma habaho igitekerezo cy'uko hari itandukaniro ry'amagambo.,gutandukanya amagambo nk'ayo bishobora kugaragaza gusa itandukaniro ry'ibitekerezo.,0.69
Ni nk'indwara y'umugore wafashwe nabi.,Umugore wanjye arankorera ibi.,0.22
@JustinTrudeau Ndashyigikiye amakosa y'abagabo ndetse n'uburenganzira bw'abagore #Standforchoice #women's rights,Imiryango y'abambuzi... mu mihanda y'inyuma y'inzu ifite ikigo cy'ubucuruzi n'ikigega cy'umuyaga?,0.31
Obama yashimiye Mandela 'Inkuru',Obama ashimira Mandela ku bw'impamvu yatumye akora ibintu,0.94
"Ku munsi wanjye wa mbere, buri gihe nshimira ababyeyi banjye banyitayeho cyane kuko banyimye #adoption #nochoiceisevereasy",Nta kintu na kimwe nabonye cyatumaga ndira mu gihe cyose cy'iyo minsi yose.,0.53
"Iyo ndege yari ifite moteri enye, yari ifite kopi ya VC-10 yo mu Bwongereza, yari yajyanye mu karere ka kure cyane kugira ngo isakure amavuta.","indege ifite moteri enye, hafi ya zose z'ubwongereza VC-10, yahindutse igana ku cyicaro cya kure cyane n'abakozi bo ku butaka kugira ngo bayishyiremo amavuta.",0.72
Umukoresha azagaragara ubutumwa bw'ikosa kandi inyandiko izandikwa mu gitabo cy'ibyabaye.,Reba inyandiko y'ibyabaye mu sisitemu kugira ngo umenye ibindi bintu bishobora kuba byaratumye iyo kosa ibaho.,0.6
"Casaya yatsinze itsinda rya mbere ry' abakinnyi ba mbere bahataniraga gukingira indwara , maze i La Mina , Dan na Terry bahita basanga Nick na Austin kugira ngo bahashye Misty .",La Mina yatsindiye ibintu by'ingenzi by' inkambi n' uburenganzira bwo guhitamo uwo mu bagize Casaya wari kujya mu buhungiro mu irushanwa rya Reward Challenge .,0.44
Yashakaga ko Holiday avuga inkuru ye ku buryo bwe .,"Muri iki gihe , amazu y' abarinzi ni amazu y' amavuko .",0.28
Game Maker ni porogaramu ya mudasobwa ya Windows yakorewe na Mark Overmars mu rurimi rwa Delphi .,Game Maker ni porogaramu ya Windows - ni sisitemu ikora - yatangiranye na Mark Overmars .,0.94
Ni gute nari kwibagirwa ukuntu nkunda uyu muntu mukuru?,"Kadrey yakoze akazi keza cyane mu kwandika umwanditsi w'umuntu utavuguruza ibyo yifuzaga, atishingikirije ku magambo y'ibinyoma agira ati ""nsanze ndi umusazi!",0.25
@realDonaldTrump ni umuyobozi nyawe kandi akwiriye kuba Perezida.,@realDonaldTrump Umugabo utinya kuvuga ukuri ni umuntu nzagenderaho!,0.78
"Mu isaha imwe, ibyo byose bazabyirengagiza.",Nigeze kubaza abantu ibyerekeye Goldie.,0.25
"Osteen , muri leta ya Floride , ni umujyi utari muri leta iri mu majyepfo y' uburengerazuba bw' akarere ka Volusia .",Osteen ni umujyi wo muri leta ya Floride muri Leta Zunze Ubumwe za Amerika .,0.78
ntashobora gusiba uburyo bwo kureba icyapa.,Ibaruramari ry'ibimenyetso ryahuye n'ikosa mu gihe ryatangiraga.,0.66
Imodoka za dizeli zo mu bwoko bwa British Rail Class 57 zatangijwe na Brush Traction hagati y ' 1997 na 2004 .,Imodoka zikora ibyuma by' ingufu za dizeli n' ibyuma by' ingufu za hidiraulike z' amato y' inganda z' inganda z' inganda z' inganda z' inganda z' inganda z' inganda z' inganda z' inganda z' inganda z' inganda z' inganda z' inganda z' inganda z' inganda z' inganda z' inganda z' inganda zashyizwe mu bikorwa mu mwaka wa 1958 .,0.47
"Ariko muri rusange, ibyo ntibyari bihagije.",Wenda incuro ebyiri zose.,0.25
... kureka Konversation mu gihe guhererekanya dosiye za DCC bikiriho,... uzabimenya niba DCC ikora ibyo guhanahana dosiye,0.56
"Ntekereza ko ari byo by'ingenzi mu buzima bwa Lovecraft, ni ukuvuga ibintu biteye ubwoba.",Ikintu cyiza: uburyo Lovecraft ashyiraho igihano bufite ishusho y'igitabo cy'ukuri.,0.53
"""Ni kare cyangwa ni kare cyane kugira ngo hatekerezwe muri Siriya""",Umuyobozi wa ONU: Abagenzuzi bakeneye iminsi 4 kugira ngo bashobore gukora iperereza muri Syria,0.5
"Iryo jambo Zhejiang ryari izina rya kera ry' uruzi rwa Qiantang , rurangira mu murwa mukuru wa leta ya Hangzhou .","`` Zhejiang ' ' yitirirwa uruzi rwa Qiantang , nanone rwitwa `` Zhejiang ' ' .",0.69
Urukundo: ngomba kuvuga ko ntari umufana ukomeye w'inkoramutima z'urukundo.,"Icyakora, hari abantu bamwe na bamwe nabonye ko ari uko bimeze.",0.19
Komisiyo ishyigikira guhuza hagati y'abari bashinzwe kwita ku bibazo by'ibibazo.,Komisiyo ishyigikira guhuza hagati y'abari bashishikajwe n'ibyo.,0.78
jya ugura imyenda y'amabara cyangwa y'umugozi n'imyenda yo hejuru y'inzu y'ubwiherero cyangwa y'igitanda,Umugabo uri ku buriri bugufi bwawe ashaka kugura inkweto zawe!!!,0.19
Abakobwa babiri bakina ku nkombe.,Hari umuhungu muto ugendera ku kadogoya ku nkombe.,0.38
"#PrezTrump yagize icyumweru cyiza, ni inkuru ikomeye, mission yasohoye. #tcot #TeaParty",Abantu: Donald Trump ni umuntu ushobora kuyobora iki gihugu mu gihe kizaza.,0.34
Umugore wambaye imyenda y'ubururu n'ikapu y'umukara agendera imbere y'inzu.,Umugabo wambaye umwenda w'umukara n'ikoti y'umuhondo ahagaze afashe ikinyamakuru.,0.41
Sinemera abantu bazira ubuzima kuko bavutse bapfuye cyangwa babuze ubuzima....,"@LifeMattersJrnl Ubundi se, ni uruhe ruhare ufite mu gukoresha uburenganzira bwawe bwo gutanga uruhushya?",0.28
Nkunda cyane David Bowie na Pink Floyd.,Pink Floyd 3 yari igitaramo gitangaje mu ijuru.,0.69
Igisare cy'imvura cy'umutuku kiruruka hejuru y'inyanja hafi y'urutare.,Hari umuntu urimo agenda mu mpinga y'umusozi hejuru y'inyanja.,0.53
Yatekereje akanya gato mbere yo gusubiza.,"Mbere y'uko asubiza, yarabyibajijeho gato.",0.84
"Kugira ngo iyo nzu igire icyo igeraho , iyo orkeseri yagiye ihinduka buhoro buhoro kugira ngo igire agaciro .","Nyuma y' urupfu rwa Franco , orchester yabaye orikestra y' ikinamico ya Teatro de la Zarzuela .",0.69
"Umwarimu w'Umupfumu yasize impinduka zikomeye muri iyi nkuru ikurikira, ndetse (ku bw'ubu) n'igice cya nyuma cy'uruhererekane rw'Umwarimu!","Numva ko icyo gitabo cyarangiye neza, kirimo ibintu byoroheje byasohotse kandi ko hari ibindi bintu bishobora kongerwa muri iyi nkuru nziza!",0.56
@AYoungJFK ni we wahisemo Mark! #profeminist,Tugiye kujya mu bitaro muri iki gitondo. 2015 kandi turacyafite abo kurwanya amahitamo bagombye kwirukanwa.,0.41
"Nanone kandi, jya umvugisha ukuri, kuko ibyo ari ibintu bikomeye kuri jye.",PS: umpe igisubizo cyiza... ibi ni ibintu bikomeye cyane kuri njye.,0.75
"ibyaha by'ibyaha by'icyaha muri Iran birimo ubwicanyi, gufata ku ngufu, kwiba ku ngufu, ubuhakanyi, gutuka Imana, gucuruza ibiyobyabwenge bikomeye, gusambana, ubusambanyi, ubuhemu, ubucuruzi bw'ubucuruzi bw'ubucuruzi bw'amacakubiri.","Ibyaha by'urupfu muri Irani birimo ubwicanyi, gufata ku ngufu, kwiba ku ngufu, gucuruza ibiyobyabwenge bikomeye no gusambana.",0.91
"Umuhanzi ugeze mu za bukuru yicara, atekereza, atega amatwi kandi agategereza.","Hari umugore utegereje mu gicucu, mu gihe umugabo w'umusaza wari wicaye inyuma ye amwitegereza.",0.34
@johnkerry @statedept ifoto yawe yambaye ubusa uri kumwe na Brian Williams ku biro byawe!,Trump ni umukandida utari mu ishyirahamwe ry'ubutegetsi bw'ikirenga.,0.22
S R I A F F A,C H A R E R E R R R R R R R R R R,0.03
Nahise mpita mpita mpita mpita mpita mpita mpita mpita mpita mpita mpita mpita mpita mpita mpita mpita mpita mpita mpita mpita mpita mpita mpita mpita mpita mpita mpita mpita mpita mpita mpita mpita mpita mpita mpita mpita mpita mpita mpita mpita mpita mpita mpita mpita mpita mpita mpita mpita mpita mpita mpita mpita mpita mpita mpita mpita mpita mpita mpita mpita mpita mpita mpita mpita mpita mpita mpita mpita mpita mpita mpita mpita mpita mpita mpita mpita mpita mpita mpita mpita mpita mpita mpita mpita mpita mpita mpita mpita mpita mpita mpita mpita mpita mpita mpita mpita mpita mpita mpita mpita mpita mpita mpita mpita mpita mpita mpita mpita mpita mpita mpita mpita mpita mpita mpita mpita mpita mpita mpita mpita mpita mpita mpita mpita mpita mpita,Nta gushidikanya ko byanyeretse icyo gusoma Half-Blood bisobanura.,0.72
"@gerfingerpoken Please RT art #ImpeachObama iri hejuru y'iyi thread, yashyizwe ku rubuga rwanjye.",@realDonaldTrump ufite umutima w'intare! Reka tugarure Amerika!,0.38
Biragaragara ko abantu benshi babigenza batyo.,Ariko biragaragara ko abantu benshi babizi.,0.72
Ni gute ushobora kutagira urukundo rimwe na rimwe?,-Iby'abantu bari muri iki gitabo byari bitoroshye ariko nshimishwa n'ukuntu Chubs yita ku bagenzi be.,0.19
Guitar Hero: Metallica ni umukino wa videwo wa muzika wateguwe na Neversoft kandi usohorwa na Activision .,Guitar Hero: Metallica ni umukino w' amajwi ugiye gukorwa na Neversoft ifashijwe n' ikindi kigo cya Activision .,0.81
n'uburyo avuza iyo harmoni.,Kandi uwo mugabo ukina igitaramo cya bas,0.38
Ndi ku ruhande rw'intebe yanjye yo gutangira gukora imirimo y'ubwitange mu matora ya Perezida wa Hillary Clinton!,@vacanti @samglover wenda umugore yagombye kuba Perezida.,0.53
"Abantu 9 bishwe, 168 barakomereka mu mirwano yaherukaga i Cairo","Abantu 10 bishwe, 12 barakomereka mu gitero cy'ubwiyahuzi cyagabwe ku kibuga cy'indege cya E. Afghanistan",0.38
"Aitne , nanone yitwa , ni umusozi w' igiterane udatunganye wo muri Jupiter .","Eurydome , nanone yitwa , ni umwe mu myerekano kamere ya Jupiter .",0.41
"Icyakora, Kate Messner ntiyashoboraga kuyandika neza kurusha uko yabigenje.","IGIHE CYA Kabiri cyanditswe na Kate Messner, gihuza ubuzima bwa buri munsi n'ifi itanga ibyifuzo.",0.66
"Nkunda kumva Eyes on Me ya Faye Wong, ndakwinginze wambaye.","Faye Wong, reba aho ndi!",0.81
"Kugira ngo hakorwe igenzura ry'inkomoko, hagomba gushyirwa ahagaragara amakuru agomba kuba akubiye mu nyandiko y'ubuherekezi.",ni ngombwa gushyiraho amakuru agomba gutanga mu rwego rwo kugenzura inkomoko y'igitabo cy'inyandiko cyerekezaho.,0.78
Abantu batatu bambaye imyenda y'umweru bakora mu biro bya Target.,Hari abantu batatu bageze mu za bukuru bakemura ibibazo bari bafite mu ndege yabo.,0.22
"Nashimishijwe n'ukuntu Anne Rice yafashe ""Umuntu w'Intama"".","Ese byamfashije kuba umufana wa Anne Rice, yego na oya?",0.53
@HillaryClinton agiye gufungura indi biro 10 muri Iowa muri iki cyumweru.,"Umuyobozi w'isi y'ubwigenge, ukoresha ingendo ku isi, ukorana n'amahanga, urenga imbaga y'abantu, ibyo ni isomo ry'ingenzi.",0.41
"Rimwe na rimwe, afata amafoto ye, ariko si ko buri gihe abigenza.","rimwe na rimwe amafoto ye aba yarashyizwe mu mashusho, rimwe na rimwe ntabwo aba yarashyizwe mu mashusho",0.81
Mu cyumweru gishize nabonye umukobwa w'umujura arimo avuga iby'indwara imeze nk'iyi.,Mu cyumweru gishize nabonye umukobwa w'umushumba arira indwara nk'iyo.,0.72
Imbwa y'umukara n'iy'umuhondo bagenda mu ishyamba.,Imbwa y'umuhondo n'iy'umukara barwana ku byatsi.,0.69
"Mu mwaka wa 2000 , abaturage bari 33.647 .","Muri icyo gihe , icyo gihugu cyari cyarashyizwe mu turere 33.",0.44
Ntegerezanyije amatsiko gukomeza gusoma iyi nkuru no kumenya uko byagendekeye abakobwa.,"Igitabo cya mbere mu gitabo cya Gemma Doyle cyanditswe na Libba Bray, ""A Great and Terrible Beauty"", ni intangiriro y'ingenzi y'uruhererekane.",0.41
"Niba Minisitiri w'Intebe w'u Bugiriki Alexis Tsipras akeneye inama ku birebana no kuva mu bucakara, ndi ku ruhande #greekreferendum",@realDonaldTrump Guma mu nzira! Ushobora gutsinda! USA ikeneye ubuyobozi n'ubuhanga bwawe!,0.28
Ni ikintu gikomeye cyane cyane cyane ku mukobwa ugira amasonisoni.,Ishyingiranwa ni ikintu cy'ingenzi cyane mu buzima bw'umuntu.,0.41
"Nubwo amafaranga y'amadolari 300 ku isaha, nta cyo ahenze.","babaha amadolari 300 ku isaha, si bo bonyine baba bafite amafaranga make.",0.88
"Ntushobora gupakira amategeko y'ibaruramari ""%1"".","nta mategeko yashoboraga guterwa yo gushyiraho ""% 1.",0.69
"Ku ruhande rw'ibumoso, munsi y'imirenge minini, ndabifuriza amahirwe.","(Iburyo bubamfu, munsi y'ibicaro binini) *Mugire amahirwe*",0.87
"Mu mwaka wa 2000 , abaturage bari 4.743 .","Mu mwaka wa 2005 , abaturage bari 63.743 .",0.53
Jya kuri iTunes ushakire iPod maze usubire kuyishyiraho umuzika.,"Fata ipod na mudasobwa, fungura iTunes maze ushakishe ububiko bw'umuzika.",0.69
Ibyo ni byo bitabo bye: birashimishije cyane cyane serivisi ze z'ibitabo bya Dragon.,"Ariko abantu bo mu gitabo cya Dragon Slippers basubiranywe, kandi barishimye kandi bafite ubuzima nk'uko byahoze.",0.47
Ibyo bisa n'aho ari igiciro cyiza.,Ibyo bisa n'aho ari umukino w'ibyishimo.,0.28
Bityo rero... umuvandimwe na mushiki wacu bombi bari bahuriye ku bintu na Wes.,we na Wes ni bo bakoreshaga amafaranga ya musaza we na mushiki we.,0.47
"Mu bihugu byinshi , inka zikoreshwa mu biribwa .","Inka zirya ibimera , kandi zirya ibyatsi .",0.53
Umwanditsi w' inyandiko ni ubwoko bw' porogaramu ikoreshwa mu gusesengura inyandiko zisanzwe .,Umwanditsi w' inyandiko ni porogaramu ikoreshwa kuri orudinateri ishobora gukora no guhindura inyandiko .,0.81
Allsvenskan ni shampiyona iri hejuru mu mupira w'amaguru wa Suwede .,"Allsvenskan ni shampiyona y' umupira w'amaguru , ari yo shampiyona y' icyubahiro yo muri Suwede .",0.88
Cyangwa se abanzi ba Castle Glower bazabasha gutsinda?,Lilah ni umukozi w'umuhanga mu by'ubucuruzi kandi afasha mu kuyobora urugo rw'umugi cyangwa gutegura igitero ku mwanzi.,0.22
"mwe mwese murimo muha Donald Trump umwenda munini, twagiye duhuza kandi ubu turakomeye",@realDonaldTrump Ndashaka gusa kubashimira ko mutari mugiye kurasa polisi ya PC! #richforreason #no fear,0.33
Fahd yabaye umwami n' Minisitiri w' Intebe mu gihe cy' ihinduka ryiza .,Umukuru w' guverinoma ni Minisitiri w' Intebe Patrick Manning .,0.38
Ku cyumweru cya 12 hemejwe ko nta cyo ari cyo cyoroheje kurusha sevelamer carbonate.,"Mu cyumweru cya 12, habonetse ko sevelamer-carbonate itari ifite agaciro gake.",0.88
"Tayse yitegereza Senneth yitonze, kandi amushimira mu cyubahiro.","Nishimiye gusoma byinshi muri iyi nkuru, cyane cyane niba tubonye byinshi kuri Senneth na Tayse.",0.62
@peddoc63 @realDonaldTrump Ubwo rero ntekereza ko Univision ari nziza kandi ifite uburinganire.,@sbrenn01 @marklevinshow Ni irihe tandukaniro? Abakomeza kuba ab'amoko.,0.47
@realDonaldTrump Uri ikarita y'umutima wanjye.,@realDonaldTrump ufite umutima w'intare! Reka tugarure Amerika!,0.72
"Iyo nkuru yasubiwemo mu buryo bwinshi , kandi yakoreshejwe na Sigmund Freud mu kwita complexe ya Oedipus .","Umuhanga mu by' imikorere y' abantu witwa Sigmund Freud yari afite igitekerezo cyiswe "" Complexe d' Édipe "" , nyuma y' iyo nkuru .",0.69
Jya kuri disite ya Ebay.,"Gerageza ku rubuga rwa www.allmusic.com, ni rwo rubuga nkunda cyane.",0.31
"Muganga yaguhaye imiti, mwana wanjye.","Muganga yagutegetse icyo ugomba gukora, mwana wanjye.",0.72
Umugabo wambaye ubururu yagurishaga mu muhanda.,Umuntu urimo atambuka mu mpinga y'umusozi,0.25
Epimetheus ni umwe mu mihanda yo mu rwego rwa Saturune .,"Fornjot , cyangwa Saturune XLII , ni umwe mu myerekano kamere ya Saturune .",0.72
"Kuko ndi kurwanya abantu bose, abagizi ba nabi n'ibinyoma! #NoHillary2016 #StopHillaryClinton2016 #WhyImNotVotingForHillary","#Benghazi WAIT Ese navuze nti ""Murakoze Imana?"" ABATEGEKANYI?",0.31
"Iyo urebye abakandida ba perezida, hari umukandida umwe gusa, ushobora guhagarara hejuru, kandi ni we wenyine. #Trump",@realDonaldTrump **Gukora ibirenge bibiri aho gukora kimwe** Dukeneye undi watsinze mu nzu y'Abirabura #MakeAmericaGreatAgain !!,0.53
@realDonaldTrump @LadyPatriot777 @Macys ibicuruzwa bibi byakozwe mu Bushinwa !!!!!!!,@ouchinagirl @TrumpNY2016 @GOP TRUMP FOR PRESIDENT AS HE DOES NOT MINCE WORDS!!!!,0.28
"Nk 'uko bimeze mu gusubiramo ADN , ADN isomwa kuva ku 3 ' 5 ' mu gihe cyo kwandika .","Nk 'uko bimeze ku kuvana ADN , hari imirongo ibiri gusa y' ADN ihindurwamo .",0.59
"Nta muntu n'umwe Hillary ashaka gufunga, kandi nta n'umwe ahangayikishijwe n'igihe cye kizaza.",@HillaryClinton Yego ndabishobora kandi nzabigeraho.,0.28
Hari umuntu ukora ubuhanga hanze.,Hari umusore uri ku nkombe y'inyanja arimo akora ibintu byo gukora igare.,0.56
"Ellen Herrick atanga igitabo gitanga ibitekerezo bishishikaje ku nkuru, kandi arangiza avuga ibindi byinshi.",Ellen Herrick yatangiye afite igitekerezo gishishikaje.,0.59
Umugore wambaye agapfukamunwa n'umukandara w'umukara yicaye iruhande rw'umugabo wambaye umwenda w'umukara atega amatwi ikiganiro.,"Hari umusore w'Umunyamerika w'Umwirabura wambaye ikoti y'igishura cy'indirimbo n'ikapu y'igishura, maze ajya mu nzu y'umukara avugana na za mikoro.",0.25
Ibyo bisobanura ko urubura ruzahinduka amazi .,"Iyo hagize ubushyuhe , urubura rugahinduka amazi .",0.75
Umurimo w' urumuri rw' umugozi w' amabuye y' amabuye y' amabuye y' amabuye y' amabuye y' amabuye y' amabuye y' amabuye y' amabuye y' amabuye y' amabuye y' amabuye y' amabuye y' amabuye y' amabuye y' amabuye y' amabuye y' amabuye y' amabuye y' amabuye y' amabuye y' amabuye y' amabuye y' amabuye y' amabuye y' amabuye y' amabuye y' amabuye y' amabuye y' amabuye y' amabuye y' amabuye y' amabuye y' amabuye y' amabuye y' amabuye y' amabuye y' amabuye y' amabuye y' amabuye y' amabuye y' amabuye y' amabuye y' amabuye y' amabuye y' amabuye y' amabuye y' amabuye y' amabuye y' amabuye y' amabuye y' amabuye y' amabuye y' amabuye y' amabuye y' amabuye y' amabuye y' amabuye y' amabuye y' amabuye y',"Ikindi kintu gifasha umuntu kumenya ibintu byinshi , ni igipimo cy' igipimo cy' igipimo cy' igipimo cy' igipimo cy' igipimo cy' igipimo cy' igipimo cy' igipimo cy' igipimo cy' igipimo cy' igipimo cy' igipimo cy' igipimo cy' igipimo cy' igipimo cy' igipimo cy' igipimo cy' igipimo cy' igipimo cy' igipimo cy' igipimo cy' igipimo cy' igipimo cy' igipimo cy' igipimo cy' igipimo cy' igipimo cy' igipimo cy' igipimo cy' igipimo cy' igipimo cy' igipimo cy' igipimo cy' igipimo cy' igipimo cy' igipimo cy' igipimo cy' igipimo cy' igipimo cy' igipimo cy' igipimo cy' igipimo cy' igipimo cy' igipimo cy' igipimo cy' igipimo cy' igipimo cy' igipimo cy' igipimo cy' igipimo cy' igipimo cy' igipimo cy' igipimo cy' igipimo cy' igipimo cy' igipimo cy' igipimo cy' igipimo cy' igipimo cy' igipimo cy'",0.69
Abana barimo baryoherwa bakina mu mazi no ku nkombe ku nkombe.,Umugabo wambaye imyenda y'ubururu n'igishushanyo cy'amabara agenda agana ku mazi yo ku nkombe.,0.41
Umugabo ufite umwenda utukura n'umukara agurisha amafi.,Umugabo ahagaze mu ruzi aroba kandi afashe urushundura.,0.41
@WashTimes @billpostmus #CONGRESS nimwemere ko ibyo bikorwa byemerwa!,"kuvuga ibintu bica intege & how often/how many times it is repeated are NOT mutually exclusive; komeza Chris; ntukagire umujinya, na we... @chrislhayes",0.22
"Sedgewick afite imico isa n'iy'umugore muri Columbo, ariko we ubwe yongeyeho imico ye.","Ndabazi, ni nk'uko abagore bakunze kumva bakunze kumva bakumva bakumva bakumva bakumva bakumva.",0.16
Umusaza abona ku ibaraza ry'inzu rihanze amaso ku muhanda.,Hari abagabo babiri barimo baririmba kandi bagaragaza imodoka za kera.,0.28
Reka dushimire umucamanza w'urukiko rw'intara Larry Hendricks kubera ko yahagaritse itegeko ridasanzwe ryo kurwanya gukuramo inda muri Kansas,@MarthaPlimpton Ntabwo ari kuwa mbere kuri Twitter kugeza ubwo hari troll yo mu ruhande rw'iburyo yohereje videwo y'ibyicabuzima #ReproRights,0.5
Boeing yatangiye gukora indege z'ubwoko bwa A320 zigezweho mu mwaka wa 1991 .,"Mu ntangiriro z ' imyaka ya 1990 , byaragaragaye ko indege nshya ya Airbus A320 yari iterabwoba rikomeye ku musaruro wa Boeing .",0.62
Hari itsinda ry'abagore bari mu isoko ryo hanze.,Hari abakobwa babiri b'abageze mu za bukuru bari mu birori.,0.44
Mubaze nomero ye ya telefoni cyangwa aho inzu ye iri.,"Mwambaze ntimwibagirwe nimero yanjye ya telefoni, Milli Vanilli.",0.44
Ntitwari gutegereza ko dutangira igitabo gikurikira.,"Nashimishijwe cyane n'ikigeragezo cya Renfield, kandi sintegerezanyije amatsiko kureba uko byagenze.",0.56
"Mu by 'ukuri , amafi y' amafi y' amafi yo mu bwoko bwa baleen aruta cyane amafi y' amafi y' amafi y' amafi yo mu bwoko bwa baleen , kandi amafi y' amafi yo mu bwoko bwa baleen aruta cyane aya mafi y' amafi yo mu bwoko bwa baleen .","Abagabo bashobora gupima ibiro 130 - 200 , naho abagore bagakora ibiro 35 - 82 .",0.47
"Umurimo wa Allman wakomeje kugenda neza mu myaka ibarirwa muri za mirongo yakurikiyeho , rimwe na rimwe akaba yaragendaga mu materaniro igihe abavandimwe ba Allman band babaga batakiri mu nzira .","Yari umwe mu bagize itsinda ry ' abavandimwe ba Allman , hamwe na musaza we Duane Allman , ryashyize Rock y' Amajyepfo mu buryo bwagutse mu myaka ya 1970 .",0.69
@realDonaldTrump nizeye kandi ndasaba ko uzagaragaraho. Amerika ikeneye umuntu ufite umugongo!,@realDonaldTrump Guma mu nzira! Ushobora gutsinda! USA ikeneye ubuyobozi n'ubuhanga bwawe!,0.91
Turagusaba ko nawe wifatanya natwe mu gihe dusenga dusaba ko ibyo gukorora inda ku isi hose bizavaho!,Turagira ngo Imana ihe umugisha Amerika ariko twica abana 4000 buri mwaka.,0.47
umugabo n'umugore bari ku kadirisha k'imodoka hamwe (mu mwanya w'ibanze) bagenda ku kiraro bafite imiterere itari myiza.,Abakobwa batanu bateranira mu cyumba gifite intebe z'ubururu n'iz'ubururu.,0.22
Kuba yarashubije ibibazo bishobora gutuma agira umwanya.,Nkunda gusubiza ibibazo byawe ku bihereranye na gitari.,0.22
"Umukobwa ahagaze ku biti bibiri by'ibiti by'ibiti, maze afata amafoto y'ibishwi byo mu ruzi.",Hari igikoko cyitwa corgi cy'ibara ry'umuhondo n'umweru gikurikiye intama zirimo zirasa.,0.19
"Mu duce twinshi tw'isi harimo muri Ositaraliya , muri Etiyopiya no mu birwa bya Galapagos , havugwa ibirunga byitwa "" Shield "" .","Nanone hari ibirunga byitwa "" ingabo "" , urugero nk ' i Washington , muri leta ya Oregon no mu birwa bya Galapagos .",0.78
Fritz Laband yari umukinnyi w' umupira w'amaguru w' Umudage .,Fritz Laband ni uwahoze ari umukinnyi w' umupira w'amaguru w' Umudage .,1.0
"Mu mwaka wa 1940 Ellis yabaye umwe mu bagize MAUD , bakoraga ubushakashatsi ku birebana n' uburyo bwo gukoresha intwaro za kirimbuzi kugira ngo bakore intwaro nshya .","Mu Ntambara ya Kabiri y'Isi Yose , yakoze ubushakashatsi ku birebana n' uburyo bwo gukoresha intwaro za kirimbuzi kugira ngo haboneke intwaro nshya .",0.62
Ntuhangayike kugeza ku myaka makumyabiri n'itanu.,Duhabwa iminota makumyabiri n'itanu gusa yo kurya.,0.16
Imbwa y'umuhondo iri gushima icyuho.,Imbwa y'umuhondo n'iy'umukara barwana ku byatsi.,0.56
Hari umuntu urebera mu idirishya.,Hari umuntu ureba mu idirishya.,0.84
Iyi ni inkuru y'ibinyoma.,Ni urwenya rw'imbere.,0.47
"George , Eliza na Harry na bo babonye umudendezo nyuma yo kwinjira muri Kanada .","Amaherezo George , Eliza na Harry bageze muri Kanada maze baratuzwa .",0.97
Nkunda cyane Vigholf na Rhona.,Iki gitabo kivuga nanone ibya Rhona & Vigholf.,0.66
Imbwa y'umuhondo iriruka mu nzira y'ubutaka.,Umubyeyi n'umwana we bagenda mu nzira y'ubutaka.,0.5
Ubundi kuri jye si ko byari bimeze.,"Mu by'ukuri, ibyo yatekerezaga ntibyahagije.",0.38
"Saa kumi n'ebyiri za mu gitondo, bari baraye inzoga z'amafaranga y'u Burayi agera ku 1500 y'amafaranga y'u Burayi.","saa kumi n'ebyiri za mu gitondo, ngomba kwishyura amafaranga y'amafaranga y'u Rwanda 1536 ku byokurya n'ibinyobwa.",0.66
Umugore wambaye amabara y'umukara asunika umuntu uri mu igare ry'abamugaye.,Umwana muto asunika umugabo munini uri mu igare ry'abamugaye.,0.53
Re: Ubu sinashobora kurengaho iki... kuki abavura inda bagomba gutsemba inda ari bazima?,Igihugu cyica abana bacyo ni igihugu kidafite ibyiringiro. - Papa Yohani Pawulo wa II #ProLifeYouth #AllLivesMatter,0.47
Hari impanuka y'indege y'indege iri hafi kugera mu mujyi wa St. Louis muri Mo.,"Kugira ngo ubishobore, wagombaga kujya i St. Louis y'Iburasirazuba muri leta ya Illinois.",0.34
Hari abagore babiri bakiri bato baza gusura abana babo ku meza yo mu cyumba cyo kuriramo.,"Umubyeyi ukiri muto w'umuhondo yicaye mu gituza, afashe uruhinja rwe rwiba impeta y'amazinyo y'amabara menshi.",0.41
Iki kigo cyagombaga gufungwa.,Kuki baje ku biro by'ishami?,0.66
Imbwa ebyiri zera zirwaga ku gikinisho gitukura.,Hari umugabo w'umusaza uri kwiruka hanze mu birori.,0.09
"Hillary aracyari mu nzira yo kuyigenderaho, ariko amaherezo agaragaza impande ze bwite, kandi ntekereza ko bizamugirira akamaro cyane.",.@GoldenTalon @johnmanko @CassandraRules Ahubwo ndishimye ko azatsinda.,0.31
Hariho ibyaha bikomeye cyane bigomba gusubizwa.,Abandi bagomba kubazwa ibyaha bikomeye kurushaho.,0.78
Iki gitabo naragikunze cyane ariko icya mbere naragikunze cyane,Ikindi nakunze ni uko ushobora kubona ukuntu iyo nkuru ihuza n'ibintu byabayeho mu mateka.,0.47
"Niba ibyo bimutwaye, ni ukubeshyera.",Mubaze muby'ukuri mbere y'uko undi muntu amujyana.,0.38
Kwifuza ko umuntu yambara agapfukamunwa cyangwa akakuramo ni byo bituma umuntu agira irari ryo kwifuza ko yambara agapfukamunwa .,"Uko bigaragara , yaguye hasi ajya mu cyumba cyo hasi , noneho yambaye agapfukamunwa .",0.38
Stade Pittodrie ni sitade yo mu gihugu cya Scotland iri mu mujyi wa Aberdeen .,"Stade ya Pittodrie ni sitade yo mu mujyi wa Aberdeen , mu gihugu cya Écosse .",0.94
Hari abagore benshi bicaye mu modoka y'indege irimo abantu benshi.,umwana muto arimo asuka imbunda y'amazi y'umuhondo mu isuku.,0.16
"Umunsi mukuru w'abademokrate bo mu Karere ka Emmet muri Estherville, ni mwiza cyane.","Bill Clinton yafashe icyemezo cyo kurwanya bin Laden, kandi twabonye itariki ya 11 Nzeri 2001.",0.31
Ese uri hano kugira ngo ujye mu nama y'amahoro?,Ese waje mu nama y'amahoro?,0.78
"Ku bashakanye, gutandukana biroroha.",Ujye ugabanya amata ufate amafi y'uruhu.,0.19
"Jye ubwanjye, mbakunda bombi.",Niba ibyo bidahagije ku giti cyawe.,0.16
Ibyo ujye ubizirikana mbere yo gufata umwanzuro wo kumarana n'uwo mugabo ubuzima bwawe bwose.,Ushobora kuba ukeneye kumarana igihe n'undi mugabo.,0.72
Hari ibice by'icyo gitabo byari byarahanuwe cyane kurusha uko byari bimeze mu bihe bya kera.,Sinzi neza icyo icyo gitabo kitari gishimishije.,0.53
Ariko narayikunze cyane kandi nizeye ko hasohoka Bibiliya ya nyuma!,Nizeye ko iki gitabo kizasohoka vuba kuko ngomba kumenya ibizakurikiraho!,0.66
"Iyo ndebye ayo mafoto, birashoboka ko byarakaye.",Gusuzuma ayo mafoto bigomba kuba byaratugoye.,0.91
Gutora Trump ni gutora Amerika,"Gusa nshaka guha #shoutout ikomeye umugabo wanjye wa mbere muri iyi minsi, @realDonaldTrump Get 'er done, big guy!!",0.41
Umwiyahuzi yishe abantu 9 mu myigaragambyo ya politiki yo muri Pakisitani,Umwiyahuzi yishe umurinzi wa Ambasade ya Amerika muri Turukiya,0.62
Hasigaye iminsi 297 ngo nshobore kwiyandikisha ngo ntore!!1 umwaka 193 iminsi ngo umunsi w'amatora uheruke #RockTheVote #democrats #everyvotecounts,"Niba utareba disikuru ya Hillary Clinton muri iki gihe, urimo guta ubwenge bwe bwinshi.",0.34
"Jen yasobanuye ati ""niba utaganira na Fane, wagombye kujya kwa muganga kuko ufite ikibazo cy'ubwonko bwinshi"".","Jen yarasetse ati ""ntimwumva ko ari amagambo y'urwenya?",0.16
"Abakinnyi batatu b'abajura bicaye ku mafarashi, bari mu isiganwa.",Abantu batatu barimo kwiruka hamwe mu isiganwa.,0.38
Abana bambaye imyenda bareba filimi kuri iMac.,Uwo mwana ari mu mazi afashe icyuma cy'umuringa.,0.22
"Umupfumu wo mu nyanja, by Marissa Meyer.",Ibyo ni na ko bimeze kuri Marissa Meyer.,0.5
"Ntiyari mushiki wacu wari ufite ""umubabaro mu nda"" kandi yari afite ibyiyumvo byinshi ku birebana na Iris na Cletus.","Ariko nyuma y'aho, yaje kubona umujyanama we mushya, Cal, yanduye uburozi ku butaka bwo mu gikoni, kandi Iris ni we wenyine ushobora kumufasha.",0.28
"Ku itariki ya 1 Nzeri 1939 , u Budage n' u Buslovakiya , ibihugu by' abakiliya , byateye Polonye .","Intambara ya Kabiri y'Isi Yose yatangiye ku itariki ya 1 Nzeri 1939 , igihe u Budage bwateye Polonye .",0.81
Hari itsinda ry'abagabo n'abagore baryaga bakanywa.,Abagore babiri basa n'aho basinziriye ku meza yo mu resitora.,0.3
Gutora Trump ni gutora Amerika,@realDonaldTrump Ni byiza cyane kubona witeguye gutakaza abaterankunga ku bw'inyungu rusange.,0.47
"Igihe cyose umuntu yaba ari umunyabinyoma, aba ari umunyabinyoma.",uko wakwihora ku muntu uriganya,0.38
"Inzu y'abashitsi n'uwakwakiriye, Dina Demille, bazagukingira uko byagenda kose.","Igishimishije kuri Dina ni uko Sean, umunyabyaha w'indyarya, adashaka ko Arland agerageza gushishikaza Dina atabishaka.",0.5
"Mu mwaka wa 1890 , mu nyanja ya Atalantika habaye inkubi y' umuyaga mu mpeshyi , mu mwaka wa 1890 hakaba hari mu mpera z' umwaka wa 1890 .","Umwaka w'inkubi y' umuyaga wa Atalantika wo mu mwaka wa 1890 ni umwe mu mwaka w' inkubi y' umuyaga idakora cyane , aho habaye inkubi y' umuyaga ine gusa .",0.62
Vinyl irimo indirimbo eshanu z'indirimbo z'indirimbo z'indirimbo z'indirimbo z'indirimbo z'indirimbo z'indirimbo z'indirimbo z'indirimbo z'indirimbo z'indirimbo z'indirimbo z'indirimbo z'indirimbo z'indirimbo z'indirimbo z'indirimbo z'indirimbo z'indirimbo z'indirimbo z'indirimbo z'indirimbo z'indirimbo z'indirimbo z'indirimbo z'indirimbo z'indirimbo z'indirimbo z'indirimbo z'indirimbo z'indirimbo z'indirimbo z'indirimbo z'indirimbo z'indirimbo z'indirimbo z'indirimbo z'indirimbo z'indirimbo z'indirimbo z'indirimbo z'indirimbo z'indirimbo z'indirimbo z'indirimbo z'indirimbo z'indirimbo z'indirimbo z'indirimbo z'indirimbo z'indirimbo z'indirimbo z'indirimbo z'indirimbo z'indirimbo z'indirimbo z'indirimbo z'indirimbo z'indirimbo z'indirimbo z'umurimo.,"Uretse iyo filimi , Ash na we yagiye agaragara mu mikino yo kuri orudinateri no mu mashusho y' amagazeti .",0.28
"@ClintonFdn, ndumva Andrew Fastow yarakubeshye ku mpamvu y'uko ""twakoze amakosa, nk'uko imiryango myinshi yo mu rwego rwacu ibigenza""","RT @muradguderian: Abademokrate ni Abakomunisiti, Obama ni Abakomunisiti, njye ndi Umunyagihugu nyawe, bityo rero, reka Hillary. #tcot",0.34
"Bityo, RAVEN FIGHT asobanura uko yashaka abigisha no guhabwa imyitozo.",Raven Flight ni igitabo cya kabiri mu gitabo cy'uruhererekane rwa Shadowfell.,0.59
"Hari abavuga ko Hitler yigaruriye u Bufaransa , ariko ko atagaruriye Inzu ya Eiffel .","Abantu ntibakundaga Umunara wa Eiffel , kandi bifuzaga ko wasenyuka .",0.44
"Mbese, Therese ni we uzatuma abantu babona agakiza?","Nanone numvaga ko iyo Therese aza kuba arusha imyaka imwe gusa, inkuru yanjye yari kuba yiringirwa.",0.28
Tanga indi mirongo y'amabwiriza y'ibanze.,Tanga urutonde rw'amatsinda uwo muntu yifatanya na yo,0.31
Umwana yashakaga gufata ikintu cy'umugore wambaye imyenda itandukanye n'iy'abandi.,"Umukobwa muto uhagaze ku kiganza kimwe mu byatsi, undi mwana ari inyuma.",0.31
Umugore uri kuri telefoni ye yiruka mu bicu.,Ibitwa by'umuntu biguma mu mazuru.,0.03
Tuzashyira ibirometero miriyoni 100 hagati yacu n'uwo muntu w'umusazi.,tuzahunga uwo mugani tukawugendaho ibirometero bibarirwa muri za miriyoni.,0.69
"Niba ukunda ibintu by'ubupfumu, kandi cyane cyane niba ukunda ibintu by'ubupfumu, reba ibivugwa muri iyo ngingo.","Nubwo abenshi bavuga ko ari ""Steampunk"", mbona ko ari nk'ikinamico yo mu kirere.",0.53
Yari afite amazi mu mutwe.,"Mbese, ni amafi afite umutwe munini?",0.09
Umugore aririmba mu gihe umugabo akina gitari.,Umugabo aririmba kandi agakina gitari mu gikoresho cyo gutumatumaniramo.,0.53
Abatavuga rumwe n'ubutegetsi bwa Syria batanze imyivumbagatanyo kuri Assad i Homs mu gihe cy'ukwezi kwa Ramadhan,Abatavuga rumwe n'ubutegetsi bwa Syria batanze imyivumbagatanyo ku ngabo za Assad mu gihe cy'ukwezi kwa Ramadhan,0.94
mu nda y'ibitsina no mu mazuru kuko ari byo biremereye cyane,"clitoris ariko mbere y'ibyo byatsi:p na mbere y'ibyo, iminwa n'umurindi, inyuma y'amatwi...",0.41
Inverness yo muri leta ya Floride yashinzwe mu mwaka wa 1889 .,Inverness ni umujyi wo muri leta ya Floride muri Leta Zunze Ubumwe za Amerika .,0.78
"Ugomba kugerageza urubuga rwawe, cyangwa ukarijyaho ukoresheje Google.",Ushobora gushakisha ku rubuga rwa Google urimo indirimbo z'umuhanzi uwo ari we wese.,0.5
"Ndi kwica umwana wanjye uyu munsi, sinshishikazwa n'uko ari bibi cyangwa ari byiza!","Icya mbere, turi abahanzi ubuzima Icya kabiri, gato cyane icya gatatu, sinumva uko ubyumva Icya kane, byinshi cyane Urubyiruko",0.19
"Inteko Ishinga Amategeko y'Ubushinwa yishe abagenzi 9 b'abanyamahanga, umwe muri Pakistani",Abantu bitwaje intwaro bishwe n'abashyitsi 11 bo mu mahanga muri Pakisitani,0.59
"Tove yari umuntu ukomeye kandi wagombaga gufatwa ku ngufu, ariko umwanditsi n'umukinnyi mukuru ntibamwiyumvishaga.",Yashikamye kandi ntazateshuka.,0.34
Ese waba warigeze kumva iby'imyidagaduro?,Gerageza gushimishwa n'ibyo akunda.,0.69
Hari umugabo wicaye ku meza maze asuka icyiyo mu gikombe kimwe mu byombo bitandatu.,Umugabo ahagaze mu ruzi aroba kandi afashe urushundura.,0.12
"Mu gusoza, Braineater Jones ni igitabo cyiza cyane.","Ubu Braineater Jones iboneka mu mpapuro, mu gitabo cya elegitoroniki no mu nyandiko z'amajwi.",0.47
gusesengura porogaramu za telefoni n'ibikoresho by'ikoranabuhanga biva kuri telefoni,"Niba ushaka guhamagara, hari telefoni.",0.22
"Iyo abantu bakoze ubushakashatsi ku miti y' ibiyobyabwenge (placebo) batekereza ko barimo kuvura , babonye ingaruka ya placebo .","Uko byaba bimeze kose , gukoresha imiti y' ibiyobyabwenge (placebo) bizakomeza kuba ingenzi .",0.78
None se kuki usoma amasaha y'amagufwa?,Ibyo byabaye ku gitabo cy'amajwi cy'igitabo cyitwa The Bone Clocks.,0.5
Keifer yakoze neza cyane mu ruhando rwa Jack Bauer.,"Yewe, Keifer akora akazi keza cyane nk'umugaragu wa Jack Bauer!!",0.94
"Prill yarahagaze imbere ye, amugundira nk'umuntu w'umunyamujura.",Yicaye ku mugozi w'intama y'i Sukubus afite mu maso he imbonankubone ya Prillini.,0.53
umwana muto ugerageza kuzamuka.,Abana babiri bato barambagizanya.,0.19
Abagore babiri b'Abanyazayi barimo baririmba bambaye imyenda y'abaturage.,Umugore wambaye ikanzu y'ubururu yisinziriye inyuma afite amaso yafunze n'umunwa ushize.,0.25
@Molls30 @HillaryClinton Nkunda cyane! Umwe mu batanga impano bakomeye ni Arabiya Sawudite. Bashyigikira uburenganzira bw'abagore mu buryo bwuzuye! #GoTeam,Ni ibyemewe. Buri wese muri #GOP ubu ari umukandida wa #POTUS. Ni nde ukeneye #ubuyobozi mugihe ufite #sabobox?,0.22
"Bravo, Neal Shusterman, kongera kudutera ubwoba n'inkuru y'icyamamare izakomeza kwiza kuri benshi muri twe ubuzima bwacu bwose.",Waba uzi impamvu Neal Shusterman ari umwe mu banditsi nkunda?,0.53
"Uko bagendaga bamenyana, ni ko ubucuti bari bafitanye bwagendaga burushaho gukomera, kandi nanjye nkabonaga ko atari ibintu byanjye.","Sinzi, gusa sinemeraga ko ubucuti bwabo bwari kugenda buhinduka.",0.47
"Yego, ese ntibazashyiraho filime kugeza mu gitabo cya karindwi?",Ntekereza ko Harry Potter ashobora gupfa mu gitabo cya karindwi cy'uruhererekane.,0.62
Inshuti eshanu zo muri Aziya ziri gufotora.,umugore wo muri Aziya afata ifoto yambaye inyenyeri,0.38
Padres yatsinze imikino ibiri kuri itatu ikurikirana na Dodgers muri Petco Park .,Padres ikina imikino yo mu rugo mu kibuga cyitwa Petco Park .,0.59
"Uko bigaragara, umusaruro wacu ni uw'ingenzi kuruta uko bigaragara.","Kuri jye, Reaver ntiyari akwiriye ko Harvester amubabarira mu buryo bworoshye, ariko ibyo ni byo byabaye muri iki gitabo.",0.56
"Gusa nkunda igitekerezo cyose cy'uko Amaranthe, wahoze ari umunyacyaha, yashoboye gusobanura ibyerekeye Sicarius.","Ariko kandi, amaranthe rwose akoresha umuriro mu gihe ari ku bihereranye na Sicarius.",0.62
Yashyizwe hanze ku mugoroba wa Noheli wo mu mwaka wa 2007 .,Byatangiriye ku rubuga rwa iTunes no ku zindi mbuga nkoranyambaga .,0.62
Ntekereza ko nagombaga kwemera ko Chris Paolini ari umwanditsi utandukanye n'umwanditsi we wa mbere witwa Eragon.,"Igihe nari ndimo gusoma iki gitabo, numvaga mfite irungu.",0.34
#DonaldTrump na #JebBush ni bo byiza kurusha abandi bashobora gutanga? #HillaryClinton arabifite!,Reka tuzanire abakozi bo mu murongo w'umurimo n'abarimu bo mu mashuri y'incuke ubwiherero!!!- @amyklobuchar #inspired byhillary,0.43
"Ujye ugaruka ku kwibanda ku bwiza butagira ubwonko... Oh, reka dutegereze, kuko warirukanywe #NBC #youlose #sorry","Ikibazo gikomeye cyavutse mu gihe cy'ifunguro ry'amafunguro, ni iki: ese uburakari bwa @realDonaldTrump ni ibimenyetso gusa by'indwara ya Alzheimer itangira hakiri kare?",0.31
imbwa ifashe inkoni mu kanwa kayo.,Umugabo wari uhagaze ku muryango asoma ikinyamakuru.,0.25
"@RedAlert -gusahura abana bataravuka bigomba kuba ari ""igitutsi"" - ni icyaha kibi cyane cyakorewe inyokomuntu. #murder","Byari byarabaye: Kuba narababajwe n'uko gutanga amashusho y'ibitsina byemewe n'amategeko, ariko kuba narababajwe n'uko ibyo bikorwa byemewe n'amategeko. #No2Trudeau",0.56
"Impamvu z' ikoranabuhanga rya IRC , ahanini ni uko ari inyongera kuri RFC 1459 .",Gutanga amakuru y'umunyamuryango nk'umuyobozi wa IRC kuri seriveri/umurongo .,0.47
Andika mu gice cyo gushakisha cyo ku rubuga rwa Yahoo... ndumva ari cyo cyatumye habaho igisubizo cya mbere,"Mu kabari k'ishakisha rya Yahoo.com, andika inyandiko igira iti ""Antonio Aguillar Biography"" hanyuma ukande ku gisubizo cy'ishakisha.",0.41
@StevenErtelt @GM_GXPfan Umugore wanjye yafashe inda akiri muto aracyicuza kugeza n'uyu munsi,@UberFacts kuko umubare munini w'abantu bakoresheje icyo gitambo cyiza cyane cyo guhitamo (#proChoice).,0.25
"Urwo rukundo rwa kera (rudahuje n'ukuri) rwatumye imibereho ya Raisa na Han iba myiza, kandi wenda rwatumye bagira imibereho myiza.","Raisa na Han bombi bagiye gutembera mu modoka ya Oden, kandi ibyo biratangaje.",0.53
Umugabo wambaye umwenda w'umuhondo asimbuka igare rye hejuru y'umugi.,"Umupira w'amaguru wambaye imyenda y'umukara n'umuhondo, yirinze umusozi ku igare rye ry'ibitaka.",0.59
"Rimwe na rimwe, ushobora kumara igihe kirekire cyane ukomeje kwihangana.","Rimwe na rimwe, uzajya ukomeza kuba umuntu ukomeye igihe kirekire.",0.88
"Jya ukomeza kugira kamere yawe buri gihe, kuko uri umwihariko.",Ibyo birashishikaje cyane kandi birantangaza ko ubyemera.,0.09
"Mu myaka ya 1590 , abana be batatu babatijwe mu rusengero rwa Oude Kerk .","Yari umuririmbyi w' ibihangano mu rusengero rwa Oude Kerk rwo muri Amsterdam , mu gihe cy' imyaka 44 .",0.22
"Nanone kandi, nshimishwa cyane n'aho ajya n'abo bantu.",Nkunda gusoma ibyerekeye umugi wacu n'uturere twagiye tumara igihe kinini.,0.38
Hari umuntu ugurisha ibintu.,Hari umugabo ukora isuku mu nzu.,0.34
Ibyo byose byavuzwe kuri Frosty na Milla byatumye mbikunda cyane.,Umunsi mukuru w'abazungu b'abapfu urimo guhura n'abantu ba Frosty na Milla.,0.53
"MURI iyi nkuru, hari ubutumwa bugufi nagiye mbwira ku rubuga rwacu rwa interineti tupac_lover_00@yahoo.com","Iyi aderesi ya email ishobora kugufasha. ""do_i_look_like_aaron@aaroncarter.com.",0.53
Abantu benshi bicaye hafi y'umuriro nijoro.,Hari abantu benshi bahagaze ku butaka nijoro.,0.59
"Umugore wambaye umwambaro w'umutuku w'umutuku, arimo ashyiraho amakarito imbere y'abantu bicaye hanze.","Umubyeyi ukiri muto w'umuhondo yicaye mu gituza, afashe uruhinja rwe rwiba impeta y'amazinyo y'amabara menshi.",0.19
"Umwe mu myitozo nkunda muri iyi nkuru, nayisomye incuro nyinshi.",Ni uburyo bwiza bwo kurangiza igice cya mbere cy'iyi nkuru.,0.56
Hanyuma ushobora guhamagara aho ushaka hose.,Hanyuma ushobora guhamagara aho ushaka hose.,0.91
"@ABC Stupid ni umusazi nk'uko abigenza! yagaragaje amabara ye y'ukuri; asa n'uwirengagiza ko Amerika yateye, &amp;amp;amp;amp;amp;amp;amp;amp;amp;amp;amp;amp;amp;amp;amp;amp;amp;amp;amp;amp;amp;amp;amp;amp;amp;amp;amp;amp;amp;amp;amp;amp;amp;amp;amp;amp;amp;amp;amp;amp;amp;amp;amp;amp;amp;amp;amp;amp;amp;amp;amp;amp;amp;amp;amp;amp;amp;amp;amp;amp;amp;amp;amp;amp;amp;amp;amp;amp;amp;amp;amp;amp;amp;amp;amp;amp;amp;amp;amp;amp;amp;amp;amp;amp;amp;amp;amp;amp;amp;amp;amp;amp;amp;amp;amp;amp;amp;amp;amp;amp;amp;amp;amp;amp;amp;amp;amp;amp;amp;","Nifuza cyane ko Donald Trump yatsinda perezida, ntashobora kugurwa nk'abandi bose, kandi akomeza kwizirika ku myizerere ye.",0.31
"Nashimishijwe n'igishushanyo mbonera cya Peter Pan, kandi mbona ibintu mu buryo burangwa n'urugomo, mu buryo bw'amashusho no mu buryo bw'ibyiyumvo.","Abakunzi ba Peter Pan cyangwa abandi bantu bose bakunda inkuru z'ibinyoma, bashobora kuba bakunze iki gitabo.",0.53
Akenshi imbeba z 'ibara ry ' ibara ry ' ururazi zikoreshwa mu bushakashatsi bw' siyansi .,"Ubusanzwe , imyizerere y' siyansi iba imeze nk' imiterere y' imiterere y' imibare .",0.38
Hari umuhungu muto uririmba kandi agakina gitari.,Umwana akina gitari.,0.78
@HomunculusLoikm @SawyerAndrew @BryanBroome1 @jstines3 Ntekereza ko abagore benshi bishimira ibyo bintu.,Nta na rimwe mu gihe cy'ingumba umubiri w'umugore utwite uhagarara kuba uwawo.,0.38
@FoxNews tugomba gusa kwihangana igihe kirekire bihagije kugira ngo uyu mupfu atazarimbura igihugu burundu,Ni byinshi birenze amakosa...kubera ko #HillaryClinton abeshya no guhisha ari uburyo bwo kubaho. @NormanSie @n2toom #tcot #uniteblue,0.28
@Jami_USA nizeye ko tutagomba kongera kuzura H8 ntawe ufite mu nshuro ya kabiri ya Hillary.,"Hillary agomba kuba yari mu kigo cya gisirikare cy'ingabo z'Amerika, ashyirwa mu maboko y'abanzi b'abasirikare!",0.28
"""Urugero rw'umugore n'umugore"" ni inkuru nkunda cyane, kandi na n'ubu narishimye cyane iyo Robin McKinley yavugaga.","Birumvikana ko Inyamaswa n'Umunyarembo bageraho bagakundana, ariko sinzi neza impamvu.",0.66
"Abazamu batinya Donald Trump, igihe kinini! @realDonaldTrump","OMG! .@KirstenPowers Mu by'ukuri, Abirabura bavuga ko abazungu ari abariganya kurusha abirabura kuko abazungu bakandamiza abirabura.",0.28
Ndizera ko igitabo gikurikira kizaba cyiza kurushaho.,"Niba ushobora, unkurire, igitabo cya Leigh na Lucian 7.",0.31
"John Schneider yarashaje cyane, naramukundaga muri porogaramu 'Duke of Hazzard!'",John Schneider yashaje neza cyane... nakunze cyane muri The Dukes of Hazzard!,0.97
"Amaze gutsinda urugamba rwo gutwara abantu , yasomye Lilian Garcia .",Lilian Garcia yakoze `` America the Beautiful ' ' mu ntangiriro y' iki gitaramo .,0.38
Imbwa irimo kuzana umupira muto w'umupira w'amaguru ku gitanda cy'umuntu.,Umwana w'umuhungu wambaye imyenda y'iburyo ashyira amaboko hejuru ari inyuma y'ameza y'inzu y'ubucuruzi.,0.22
"Nk'uko Ginger yabivuze: iyo umuntu ari umunyabwenge kandi agatsinda, ashobora kugira icyo yifuza cyose.","Nk'uko Ginger yabivuze, iyo umuntu ari umunyabwenge kandi agatsinda, ashobora kugira icyo ashaka cyose (gusa n'ikintu icyo ari cyo cyose)",0.84
Ni we watangije icyumweru cya buri mwaka cy' Ibitabo by' Igiheburayo muri Isirayeli .,Yatangije Icyumweru Cyihariye cy' Ibitabo by' Igiheburayo mu mwaka wa 1926 .,0.63
Umukobwa muto agenda ku igare rye mu cyatsi.,Umugabo akuraho imyanda mu gihe umugore akurikira inyuma.,0.33
"Uyu ni umuntu wambaye imyenda y'umusazi, ugereranya igiceri hejuru y'inkoni, ku mazuru ye.",Hari umufana w'umuhanga mu murima ufite ibiti n'abantu bari inyuma ye bashyira isanduku ku nkoni mu mazuru ye.,0.72
"ubushyuhe bwagabanutse, kimwe n'ubushyuhe bw'umutima wanjye.",Ubushyuhe bwagabanutseho degre ebyiri cyangwa eshatu.,0.66
"Umushikirizamanza w'Amerika wungirije Todd Greenberg, umushinjacyaha ushinzwe kurwanya iterabwoba mu mujyi wa Seattle, yagize ati ""turimo gukoresha imbaraga zacu zose mu iperereza"".","Twamenye uko ibintu bimeze"", ni ko umushinjacyaha w'Amerika wungirije Todd Greenberg, ushinzwe kurwanya iterabwoba i Seattle yavuze.",0.59
Umukozi wo mu ikoranabuhanga arimo asobanura uko kamera ikora.,Umugabo ugenda munsi y'umugi areba muri kamera.,0.34
"Niba wifuza gutangiza ikiganiro gishya cyangwa se kongera kubyutsa icya kera , ubikore kuri interineti .","Nyuma yo kongeramo iyi shusho , tangira igice cyo ku ipaji y' ibiganiro cy' ingingo cyerekana icyo wifuza ko uwo muhanga avuga .",0.47
"Mu buryo buhuje n'ingingo ya 204a y'Itegeko Nshinga, imimerere yavuzwe haruguru irikosorwa nk'uko ikurikira:","mu buryo buhuje n'ingingo ya 17 (1) y'Itegeko Nshinga, afata icyiciro cy'uwazamusimbuye muri iyo nshingano.",0.56
"Haming ishobora gutahura no gukosora amakosa y'urugero rwa bit imwe , kandi ishobora no gutahura amakosa y'urugero rwa bit ebyiri .","Iyo hashing code ishobora gukosora amakosa ya bits imwe , ikamenya amakosa ya bits ebyiri .",0.91
Ni ibintu by'ingenzi cyane.,"Ni mu gihe nari nkiri muto, ubwo navuganaga na mama.",0.81
Sinigeze mbyibonera ariko icyo gitabo ni kimwe mu byo nkunda cyane muri iyi nkuru,Nigeze kureba ikiganiro cya CSI: Miami ariko sinigeze mbona anywa,0.17
"Nkunda iyi nkuru ngufi, nifuzaga ko yarushaho kureshya!",Byari bigiye gusomwa vuba kandi hari igice cyanjye cyashakaga ko cyakomeza igihe kirekire.,0.84
Ushobora kumenya ko wabuze umuntu mwiza.,Ushobora kumenya ko wabuze umuntu mwiza.,1.0
Dore urubuga rw'ibikoresho by'imashini (www.Pulseofthemaggots.com).,"Um, dore urubuga rw'ibikoresho by'ubushakashatsi www.pulseofthemaggots.com !!",0.94
Abarezi n'abanyeshuri bo muri iyo myitozo bambara imyenda itukura n' itukura .,"Mu Bufaransa bwo mu majyepfo , ni ho cyane cyane abantu bakoreshaga umukino wa Francombat .",0.34
Ntibitangaje kuba uwo mugore yemeye ko agukunda cyangwa atagukunda.,Nta cyo bitwaye niba umukobwa yemera ko agukunda cyangwa atamukunda.,0.91
Donald Trump ntatinya gutwika abantu bose.,@DannyZuker Mu ijambo rimwe @realDonaldTrump yashoboye kwiyahura amafaranga.,0.5
Abayapani bumvise Hirohihita avuga ko bagiye kwiyegurira Imana kuri radiyo.,Abayapani bahawe igihano cyo kwihana mu kiganiro cya Hirohito.,0.78
"Umugabo wambaye umwenda utukura, yari ku igare rye, ahita ahita ahita ahita ahita ahita ahita ahita ahita ahita ahita ahita ahita ahita ahita ahita ahita ahita ahita ahita ahita ahita ahita ahita ahita ahita ahita ahita ahita ahita ahita ahita ahita ahita ahita ahita ahita ahita ahita ahita ahita ahita ahita ahita ahita ahita ahita ahita ahita ahita ahita ahita ahita ahita ahita ahita ahita ahita ahita ahita ahita ahita ahita ahita ahita ahita ahita ahita ahita ahita ahita ahita ahita ahita ahita ahita ahita ahita ahita ahita ahita ahita ahita ahita ahita ahita ahita ahita ahita ahita ahita ahita ahita ahita ahita ahita ahita ahita ahita ahita ahita ahita ahita ahita ahita ahita ahita ahita ahita ahita ahita ahita ahita ahita ahita ahita ahita ahita ahita ahita","Umwana w'umuhungu wambaye ubusa, yiyambika agashyi akoresheje igishyimbo kugira ngo yirinde ko umuriro utamuturukaho.",0.31
Ni igihe cyo kuba #ijwi ry'abadafite ijwi.,@helenantanova Ubihindura ikintu cy'amoko gato,0.31
"Ubusanzwe , ingirabuzimafatizo z'ibimera zinyuranye n'iz'izindi ntizishobora kwigabanyamo ibice cyangwa ngo zigire ingirabuzimafatizo z'ubundi bwoko .","Urubanza rw' intoki ni ubwoko bw' uruhu rw' intoki rugizwe n' utugingo tw' intanga , aho izindi ngingo z' ibimera ziva .",0.44
Umuntu wambaye inkweto z'umukara n'ikoti ry'umukara aryamye hejuru y'icyicaro.,Umukobwa wambaye ikoti y'umuhemba ari mu rwobo rwubatswe mu bicu.,0.19
Umwana w'imbwa w'umukara arimo arahaguruka.,Hari umurongo w'amagare y'imideli ya kera yabaga akururwa n'amatungo.,0.06
@realDonaldTrump dukeneye perezida udashobora kugurwa.,"@realDonaldTrump, ujye mu ishyano wowe mugore w'umunyamadini w'amoko.",0.31
Ese itangazamakuru ry'ibumoso rigerageza gucecekesha @realDonaldTrump? HAHAHA Komeza kugerageza! Trump si umunyapolitiki w'umwuga kandi ntawe uzamugurisha!,"@GOP Niba udashobora guhangana na Trump, ntukwiye kwiyamamaza. #backurbase.",0.38
Hillary yafashe indege yihariye kugira ngo avuge ku byerekeye Umushahara & Urwego rw'Uburinganire.,".@davelevinthal Gukoresha imashini yo gusenya, ubu @hillaryclinton arushijeho gukoresha ibyo! #WakeUpAmerica #TCOT #OhHillNO!",0.44
Umugore urimo asohora ururimi rwe mu gihe ari gufotorwa.,Umugore afata ifoto y'umwana afatwa n'umugabo.,0.34
"yarashwe mu mugongo,","Oya, House yarashwe mu gihe cy'iherezo.",0.34
Kuki yamuhamagaye aho kumuhamagara mu buryo bunyuranye n'ubwo?,Sinamwumva. Ntekerezaga ko abagabo bagombye kwita abakobwa.,0.78
"Hillary avuga ko ari ""umukinnyi"" w'ibanze, ariko gahunda y'imisoro ya @RandPaul igabanya imisoro ya FICA, bigatuma ibye bigirira akamaro.","@Lawrence @TheLastWord Nta cyuho cy'ishyaka, Bwana Lawrence! -@TheHRCSuperVols @JW4Hillary @kimfrederi #Hillarylarymen",0.31
"Evan mbere y'uko uwo mubyeyi akomereka, ntiyamuretse ngo amwitegereze, none se kuki byamushimishije cyane?","Nshobora kubona impamvu Julia akunda Reece, ariko nanone mbona ko bitangaje iyo umuntu atekereje ku rukundo rwa mbere yagiranye na Evan.",0.59
Hitamo aka gasanduku kugira ngo ushyireho software ikenewe kugira ngo ufungure inyandiko z'urwo rwego.,"inyandiko y'igitabo cy'ubuhinduzi, igitabo cy'ubuhinduzi, inyandiko y'ibitabo by'ubuhinduzi, inyandiko y'ibitabo by'ubuhinduzi, inyandiko y'ibitabo by'ubuhinduzi, inyandiko z'ibitabo by'ibitabo by'ibitabo by'ibitabo by'ibitabo by'ibitabo by'ibitabo by'ibitabo by'ibitabo by'ibitabo by'ibitabo by'ibitabo by'ibitabo by'ibitabo by'ibitabo by'ibitabo by'ibitabo by'ibitabo by'ibitabo by'ibitabo by'ibitabo by'ibitabo by'ibitabo by'ibitabo by'ibitabo by'ibitabo by'ibitabo by'ibitabo by'ibitabo by'ibitabo by'ibitabo by'ibitabo by'ibitabo by'ibitabo by'ibitabo by'ibitabo by'ibitabo by'ibitabo by'ibitabo by'ibitabo by'ibitabo by'ibitabo by'ibitabo by'ibitabo by'ibitabo by'ibitabo by'ibitabo by'ibitabo by'ibitabo",0.78
Nzasuzuma inyandiko.,Nta gushidikanya ko nzasoma inyandiko y'iyo filimi yawe!,0.84
"Ni igihe cyo kuva ku magambo meza 2 ku bikorwa byiza, kuva ku marira y'amajwi 2 ku mahitamo meza #HILARYCLINTON #HillaryClinton",Gwen ari umuyobozi mwiza kandi arimo atoza umukozi mushya w'umunyamwete mu karere ka Rock Hill! #FellowsSC #HillaryForSC,0.31
Umuntu ugenda mu mpinga y'imisozi y'imisozi y'ibuye ariruka.,Umuntu urira amabuye arahagarara areba hejuru y'inyanja.,0.5
Yatoranyijwe n' ikipe ya Blackhawks mu 2006 mu mikino yo kwishyura y' igikombe cya shampiyona y' abakinnyi ba NHL .,Aba Canucks bahisemo Bourdon mu mukino wa mbere w ' igikombe cya shampiyona cya 2005 .,0.62
Umugore agenda afite telefoni mu ntoki.,Umugabo aririmba kandi agakina gitari mu gikoresho cyo gutumatumaniramo.,0.16
Hakurikiyeho umuhanda wa N212/Ingenieur Enschedeweg mu majyepfo kugeza mu muhanda wa N198/Geestdorp.,"Hakurikiyeho Tuurluur mu majyepfo, hakurikiyeho Papekopperdijk.",0.41
"Iyo mifatiro iba imeze nk' imipira mu ntoki , ikongorwa n' ibinure by ' intoki , hanyuma igatekwa .",Ibyo bimbuza byuzuye umwambaro wa falafel n' utwo dufata tw' utwo dufata .,0.59
"Nifuza cyane ko Donald Trump yatsinda perezida, ntashobora kugurwa nk'abandi bose, kandi akomeza kwizirika ku myizerere ye.",@NBCNews @realDonaldTrump cyangwa White House!! #trumpforpresident,0.66
Abakozi batatu bakoraga mu nzu.,Abakozi benshi bakora mu mirimo y'ubwubatsi bareba ahantu hatera abantu gutembera,0.56
Andrea afite ubutunzi bwinshi bitewe n'uko yatanye n'umugabo we.,"Nyuma yo gutana, Andrea yongeye kwigenga kandi aba umukire.",0.88
Numva ntangajwe n'umubare w'incuti za data.,Ndatangara cyane ku buryo data yari afite incuti nyinshi.,0.97
V ni inyuguti ya 22 mu nyuguti z'ibanze z' ikilatini .,"U ni inyuguti yo mu nyuguti z' igikiriliki , ikoreshwa mu kugaragaza ijwi ry' imvugo uretse mu gihe hari imvugo y' imvugo y' imvugo y' imvugo y' imvugo y' imvugo y' imvugo y' imvugo y' imvugo y' imvugo y' imvugo y' imvugo y' imvugo y' imvugo y' imvugo y' imvugo y' imvugo y' imvugo y' imvugo y' imvugo y' imvugo y' imvugo y' imvugo y' imvugo y' imvugo y' imvugo y' imvugo y' imvugo y' imvugo y' imvugo y' imvugo y' imvugo y' imvugo y' imvugo y' imvugo y' imvugo y' imvugo y' imvugo y' imvugo y' imvugo y' imvugo y' imvugo y' imvugo y' imvugo y' imvugo y' imvugo y' imvugo y' imvugo .",0.5
Igikoresho cyerekana ibimenyetso bya digitale ni microprocessor yihariye ifite imiterere myiza yo gukora vuba igamije gukora ibimenyetso bya digitale .,"Igikoresho cy' ikoranabuhanga ry' ibimenyetso ni ikoranabuhanga ryihariye ry' ibipimo by' ibimenyetso by' ikoranabuhanga , rikoreshwa mu gukora imashini z' ikoranabuhanga mu gihe nyacyo .",0.75
Imbwa y'umuhondo iri ku gifubiko cy'ubururu.,Umuntu arimo arohama mu mazi ashyushye y'ubururu.,0.22
Uzi icyo ari cyo cyiza kuri wowe Uzi icyo ari cyo cyiza ku byishimo byawe Uzi icyo ari cyo cyiza ku buzima bwawe,"Ni gute ushobora ""kurwanya gukuramo inda"" kandi wifuza no gukuraho ibigo byose byo kurwanya inda ku buntu bigenewe abakene?",0.31
Umuntu ukora ikoranabuhanga ryo kugendesha amagare hejuru y'umugi ushinzwe ibiti.,Imbwa ebyiri zisimbuka ziterana ku rwobo rw'ibyatsi.,0.12
Nagiye ntekereza cyane ku byo navuze kuri @realDonaldTrump,@ForQ2 ntekereza ko @realDonaldTrump adashaka cyangwa ngo yubahe abanyapolitiki. .Ndamwubaha cyane.,0.53
Abagore babiri bambaye amakanzu y'indashyikirwa y'umuco w'indashyikirwa babyina.,Abagore babiri basa n'aho basinziriye ku meza yo mu resitora.,0.44
"Umukozi w'umunyabyaha uri ku ntebe y'ubwubatsi, akora ku nzu.","Umugabo wambaye umwambaro w'umukinnyi ufite ikarita yo kwiruka ku mugongo we, yifata nk'umuntu ukora imyitozo ngororamubiri.",0.47
Imbwa y'umukara n'iy'umuhondo,Imbwa y'umukara n'imbwa y'umuhondo n'umweru bakina mu murima.,0.41
Nkunda ko Henry yicaga ku mategeko ye kugira ngo abone Kate aseka.,"Narakunze cyane Kate wari umuriro kandi ufite ubushake, kandi, Mana yanjye, nifuza kumubona cyane mu gitabo cya gatatu!",0.34
"Niba guhagarika iyo porogaramu bigakemura ikibazo uhanganye na cyo, birashoboka cyane ko iyo porogaramu ari yo iteza icyo kibazo.","iyo ikibazo cyakemutse, porogaramu ni yo ishobora kuba ari yo ituma icyo kibazo kiba.",0.78
Ndabinginze mbwira niba ubonye uwuririmba iyi ndirimbo.,"(irangira) niba ubonye uwuririmba n'izina, mbwira.",0.78
"Batsinze Shampiyona y' Isi y' Abato mu mwaka wa 2002 , maze barangiza imikino yabo y' amadayimoni .",Bahawe umudari w' amabara yose mu mikino y' isi yo mu mwaka wa 2000 kugeza mu wa 2002 .,0.66
Abasore bane basimbukaga mu rwego.,Igikoko cyitwa pitbull kiriruka kugira ngo gifate disiki iguruka.,0.16
"Umwana atembera mu bicu by'urubura, aba yambaye neza.",Umwana muto arimo aranywa ibiryo by'ibinyobwa by'umutobe.,0.25
The Buzz kuri Maggie ni irya kabiri muri serivisi za Disney Channel zisubizwa nyuma y' igihe gito .,The Buzz kuri Maggie ni ikiganiro cya televiziyo cya Disney Channel kivuga iby ' inyenzi yitwa Maggie .,0.88
dosiye irimo amashusho y'ibishushanyo.,Biragaragara ko ibyo bintu bigaragaza ko ari ukuri.,0.25
